period,MBBL,MBBL/D,Rolling_Avg_12m,year,month,quarter,dayofyear,weekofyear,is_month_start,is_month_end,lag_1,lag_2,lag_3,lag_4,rolling_mean_3,rolling_mean_6,rolling_std_3,rolling_std_6,target
1981-12-01,30597,987,974.5833333333334,1981,12,4,335,49,1,0,993.0,981.0,1016.0,998.0,996.6666666666666,983.8333333333334,17.785762095938978,31.070350282329695,948.0
1982-01-01,29383,948,976.4166666666666,1982,1,1,1,53,1,0,987.0,993.0,981.0,1016.0,987.0,983.3333333333334,6.000000000000479,30.97525894430368,1057.0
1982-02-01,29602,1057,983.3333333333334,1982,2,1,32,5,1,0,948.0,987.0,993.0,981.0,976.0,987.1666666666666,24.43358344574135,22.604571808965197,1020.0
1982-03-01,31623,1020,987.0,1982,3,1,60,9,1,0,1057.0,948.0,987.0,993.0,997.3333333333334,997.0,55.229822861687126,36.69877382147798,944.0
1982-04-01,28328,944,985.6666666666666,1982,4,2,91,13,1,0,1020.0,1057.0,948.0,987.0,1008.3333333333334,997.6666666666666,55.42863279328958,37.14655659232311,1029.0
1982-05-01,31887,1029,990.6666666666666,1982,5,2,121,17,1,0,944.0,1020.0,1057.0,948.0,1007.0,991.5,57.61076288333632,43.066228067942035,1052.0
1982-06-01,31563,1052,995.8333333333334,1982,6,2,152,22,1,0,1029.0,944.0,1020.0,1057.0,997.6666666666666,997.5,46.69403959107989,45.74166590757268,1019.0
1982-07-01,31593,1019,1003.6666666666666,1982,7,3,182,26,1,0,1052.0,1029.0,944.0,1020.0,1008.3333333333334,1008.3333333333334,56.88878038184098,50.234118551704086,1021.0
1982-08-01,31647,1021,1005.5833333333334,1982,8,3,213,30,1,0,1019.0,1052.0,1029.0,944.0,1033.3333333333333,1020.1666666666666,16.921386861996037,40.62224349622576,1066.0
1982-09-01,31966,1066,1009.75,1982,9,3,244,35,1,0,1021.0,1019.0,1052.0,1029.0,1030.6666666666667,1014.1666666666666,18.502252115170545,36.54814176762833,1034.0
1982-10-01,32063,1034,1014.1666666666666,1982,10,4,274,39,1,0,1066.0,1021.0,1019.0,1052.0,1035.3333333333333,1021.8333333333334,26.576932353703466,42.37648719120846,1046.0
1982-11-01,31388,1046,1018.5833333333334,1982,11,4,305,44,1,0,1034.0,1066.0,1021.0,1019.0,1040.3333333333333,1036.8333333333333,23.15887159024221,18.540945678865768,1013.0
1982-12-01,31393,1013,1020.75,1982,12,4,335,48,1,0,1046.0,1034.0,1066.0,1021.0,1048.6666666666667,1039.6666666666667,16.165807537309227,18.402898322455908,1059.0
1983-01-01,32814,1059,1030.0,1983,1,1,1,52,1,0,1013.0,1046.0,1034.0,1066.0,1031.0,1033.1666666666667,16.70329308848981,19.99416581572363,1065.0
1983-02-01,29818,1065,1030.6666666666667,1983,2,1,32,5,1,0,1059.0,1013.0,1046.0,1034.0,1039.3333333333333,1039.8333333333333,23.713568549109727,20.970614360734675,1043.0
1983-03-01,32343,1043,1032.5833333333333,1983,3,1,60,9,1,0,1065.0,1059.0,1013.0,1046.0,1045.6666666666667,1047.1666666666667,28.448784391135668,20.75973667141886,1078.0
1983-04-01,32352,1078,1043.75,1983,4,2,91,13,1,0,1043.0,1065.0,1059.0,1013.0,1055.6666666666667,1043.3333333333333,11.372481406154217,18.597490870186007,1028.0
1983-05-01,31863,1028,1043.6666666666667,1983,5,2,121,17,1,0,1078.0,1043.0,1065.0,1059.0,1062.0,1050.6666666666667,17.691806012953855,22.45588267395994,1054.0
1983-06-01,31605,1054,1043.8333333333333,1983,6,2,152,22,1,0,1028.0,1078.0,1043.0,1065.0,1049.6666666666667,1047.6666666666667,25.658007197234255,24.328309983775146,1008.0
1983-07-01,31261,1008,1042.9166666666667,1983,7,3,182,26,1,0,1054.0,1028.0,1078.0,1043.0,1053.3333333333333,1054.5,25.006665778014558,17.421251390184022,1057.0
1983-08-01,32771,1057,1045.9166666666667,1983,8,3,213,31,1,0,1008.0,1054.0,1028.0,1078.0,1030.0,1046.0,23.06512518934137,25.400787389370198,1044.0
1983-09-01,31321,1044,1044.0833333333333,1983,9,3,244,35,1,0,1057.0,1008.0,1054.0,1028.0,1039.6666666666667,1044.6666666666667,27.465129406819152,24.393988330460736,1032.0
1983-10-01,31986,1032,1043.9166666666667,1983,10,4,274,39,1,0,1044.0,1057.0,1008.0,1054.0,1036.3333333333333,1044.8333333333333,25.383721817994367,24.38373775012056,1071.0
1983-11-01,32139,1071,1046.0,1983,11,4,305,44,1,0,1032.0,1044.0,1057.0,1008.0,1044.3333333333333,1037.1666666666667,12.503332889007003,18.356651837049487,923.0
1983-12-01,28606,923,1038.5,1983,12,4,335,48,1,0,1071.0,1032.0,1044.0,1057.0,1049.0,1044.3333333333333,19.974984355437932,22.0786473015594,1038.0
1984-01-01,32192,1038,1036.75,1984,1,1,1,52,1,0,923.0,1071.0,1032.0,1044.0,1008.6666666666666,1022.5,76.70940837559185,53.301969944833864,1107.0
1984-02-01,32089,1107,1040.25,1984,2,1,32,5,1,0,1038.0,923.0,1071.0,1032.0,1010.6666666666666,1027.5,77.6938435999489,53.07636008620011,1041.0
1984-03-01,32280,1041,1040.0833333333333,1984,3,1,61,9,1,0,1107.0,1038.0,923.0,1071.0,1022.6666666666666,1035.8333333333333,92.95339333952968,61.8366126713507,1094.0
1984-04-01,32825,1094,1041.4166666666667,1984,4,2,92,13,1,0,1041.0,1107.0,1038.0,923.0,1062.0,1035.3333333333333,38.999999999999886,61.7694638690239,1082.0
1984-05-01,33535,1082,1045.9166666666667,1984,5,2,122,18,1,0,1094.0,1041.0,1107.0,1038.0,1080.6666666666667,1045.6666666666667,34.96188400720595,66.13219085034653,1092.0
1984-06-01,32745,1092,1049.0833333333333,1984,6,2,153,22,1,0,1082.0,1094.0,1041.0,1107.0,1072.3333333333333,1047.5,27.790885796126137,67.12004171631595,1081.0
1984-07-01,33525,1081,1055.1666666666667,1984,7,3,183,26,1,0,1092.0,1082.0,1094.0,1041.0,1089.3333333333333,1075.6666666666667,6.4291005073281795,29.138748543248965,1022.0
1984-08-01,31689,1022,1052.25,1984,8,3,214,31,1,0,1081.0,1092.0,1082.0,1094.0,1085.0,1082.8333333333333,6.082762530297715,22.56915298957193,1118.0
1984-09-01,33525,1118,1058.4166666666667,1984,9,3,245,35,1,0,1022.0,1081.0,1092.0,1082.0,1065.0,1068.6666666666667,37.64306044943734,29.86413679761536,1088.0
1984-10-01,33727,1088,1063.0833333333333,1984,10,4,275,40,1,0,1118.0,1022.0,1081.0,1092.0,1073.6666666666667,1081.5,48.4183160935335,32.06087958868305,1095.0
1984-11-01,32837,1095,1065.0833333333333,1984,11,4,306,44,1,0,1088.0,1118.0,1022.0,1081.0,1076.0,1080.5,49.11211663123461,31.68438101020805,1058.0
1984-12-01,32790,1058,1076.3333333333333,1984,12,4,336,48,1,0,1095.0,1088.0,1118.0,1022.0,1100.3333333333333,1082.6666666666667,15.6950098226578,32.24696368135614,1025.0
1985-01-01,31766,1025,1075.25,1985,1,1,1,1,1,0,1058.0,1095.0,1088.0,1118.0,1080.3333333333333,1077.0,19.655363983740482,33.25056390499306,1023.0
1985-02-01,28655,1023,1068.25,1985,2,1,32,5,1,0,1025.0,1058.0,1095.0,1088.0,1059.3333333333333,1067.6666666666667,35.01904243884062,39.225841822281886,1058.0
1985-03-01,32804,1058,1069.6666666666667,1985,3,1,60,9,1,0,1023.0,1025.0,1058.0,1095.0,1035.3333333333333,1067.8333333333333,19.655363983740358,38.994444048693396,1086.0
1985-04-01,32584,1086,1069.0,1985,4,2,91,14,1,0,1058.0,1023.0,1025.0,1058.0,1035.3333333333333,1057.8333333333333,19.655363983740358,30.274852050285336,1076.0
1985-05-01,33364,1076,1068.5,1985,5,2,121,18,1,0,1086.0,1058.0,1023.0,1025.0,1055.6666666666667,1057.5,31.564748269759995,29.8847787343323,1033.0
1985-06-01,30975,1033,1063.5833333333333,1985,6,2,152,22,1,0,1076.0,1086.0,1058.0,1023.0,1073.3333333333333,1054.3333333333333,14.189197769194523,25.850854273440593,1051.0
1985-07-01,32567,1051,1061.0833333333333,1985,7,3,182,27,1,0,1033.0,1076.0,1086.0,1058.0,1065.0,1050.1666666666667,28.160255680657134,27.12501920122184,1066.0
1985-08-01,33041,1066,1064.75,1985,8,3,213,31,1,0,1051.0,1033.0,1076.0,1086.0,1053.3333333333333,1054.5,21.59475244899361,24.22189092535915,1043.0
1985-09-01,31279,1043,1058.5,1985,9,3,244,35,1,0,1066.0,1051.0,1033.0,1076.0,1050.0,1061.6666666666667,16.52271164185773,18.790068298616667,1084.0
1985-10-01,33615,1084,1058.1666666666667,1985,10,4,274,40,1,0,1043.0,1066.0,1051.0,1033.0,1053.3333333333333,1059.1666666666667,11.676186592090488,20.311737165163215,1035.0
1985-11-01,31041,1035,1053.1666666666667,1985,11,4,305,44,1,0,1084.0,1043.0,1066.0,1051.0,1064.3333333333333,1058.8333333333333,20.550750189064022,19.793096439583966,1045.0
1985-12-01,32391,1045,1052.0833333333333,1985,12,4,335,48,1,0,1035.0,1084.0,1043.0,1066.0,1054.0,1052.0,26.28687885618948,19.75854245636523,1069.0
1986-01-01,33136,1069,1055.75,1986,1,1,1,1,1,0,1045.0,1035.0,1084.0,1043.0,1054.6666666666667,1054.0,25.89079630550817,17.977764043395187,1059.0
1986-02-01,29650,1059,1058.75,1986,2,1,32,5,1,0,1069.0,1045.0,1035.0,1084.0,1049.6666666666667,1057.0,17.473789896107714,18.857359306117104,1018.0
1986-03-01,31547,1018,1055.4166666666667,1986,3,1,60,9,1,0,1059.0,1069.0,1045.0,1035.0,1057.6666666666667,1055.8333333333333,12.055427546682663,18.40018115852844,1004.0
1986-04-01,30116,1004,1048.5833333333333,1986,4,2,91,14,1,0,1018.0,1059.0,1069.0,1045.0,1048.6666666666667,1051.6666666666667,27.02468007827875,23.897001206566735,958.0
1986-05-01,29705,958,1038.75,1986,5,2,121,18,1,0,1004.0,1018.0,1059.0,1069.0,1027.0,1038.3333333333333,28.583211855912626,24.557415716369903,952.0
1986-06-01,28561,952,1032.0,1986,6,2,152,22,1,0,958.0,1004.0,1018.0,1059.0,993.3333333333334,1025.5,31.390019645315906,41.157016412756526,943.0
1986-07-01,29240,943,1023.0,1986,7,3,182,27,1,0,952.0,958.0,1004.0,1018.0,971.3333333333334,1010.0,28.448784391135586,49.09175083453297,887.0
1986-08-01,27491,887,1008.0833333333334,1986,8,3,213,31,1,0,943.0,952.0,958.0,1004.0,951.0,989.0,7.549834435269921,45.63332115899314,905.0
1986-09-01,27148,905,996.5833333333334,1986,9,3,244,36,1,0,887.0,943.0,952.0,958.0,927.3333333333334,960.3333333333334,35.21836642056701,46.87287772973195,898.0
1986-10-01,27835,898,981.0833333333334,1986,10,4,274,40,1,0,905.0,887.0,943.0,952.0,911.6666666666666,941.5,28.58904218985523,41.45720685236385,874.0
1986-11-01,26233,874,967.6666666666666,1986,11,4,305,44,1,0,898.0,905.0,887.0,943.0,896.6666666666666,923.8333333333334,9.073771725876822,30.68169921412931,908.0
1986-12-01,28152,908,956.25,1986,12,4,335,49,1,0,874.0,898.0,905.0,887.0,892.3333333333334,909.8333333333334,16.25833119767593,31.134653790692223,858.0
1987-01-01,26595,858,938.6666666666666,1987,1,1,1,1,1,0,908.0,874.0,898.0,905.0,893.3333333333334,902.5,17.473789896107895,23.44994669502641,893.0
1987-02-01,24991,893,924.8333333333334,1987,2,1,32,5,1,0,858.0,908.0,874.0,898.0,880.0,888.3333333333334,25.5342906696072,19.418204517055912,880.0
1987-03-01,27277,880,913.3333333333334,1987,3,1,60,9,1,0,893.0,858.0,908.0,874.0,886.3333333333334,889.3333333333334,25.658007197234205,19.490168461719698,907.0
1987-04-01,27207,907,905.25,1987,4,2,91,14,1,0,880.0,893.0,858.0,908.0,877.0,885.1666666666666,17.69180601295384,18.09327683605715,847.0
1987-05-01,26253,847,896.0,1987,5,2,121,18,1,0,907.0,880.0,893.0,858.0,893.3333333333334,886.6666666666666,13.503086067018998,19.674009928487024,875.0
1987-06-01,26239,875,889.5833333333334,1987,6,2,152,23,1,0,847.0,907.0,880.0,893.0,878.0,882.1666666666666,30.049958402633262,25.404067915713703,869.0
1987-07-01,26937,869,883.4166666666666,1987,7,3,182,27,1,0,875.0,847.0,907.0,880.0,876.3333333333334,876.6666666666666,30.022213997860362,22.042383416186652,844.0
1987-08-01,26154,844,879.8333333333334,1987,8,3,213,31,1,0,869.0,875.0,847.0,907.0,863.6666666666666,878.5,14.74222959166366,20.58883192411649,863.0
1987-09-01,25904,863,876.3333333333334,1987,9,3,244,36,1,0,844.0,869.0,875.0,847.0,862.6666666666666,870.3333333333334,16.44181660685107,23.235031023567956,866.0
1987-10-01,26849,866,873.6666666666666,1987,10,4,274,40,1,0,863.0,844.0,869.0,875.0,858.6666666666666,867.5,13.051181300300883,22.853883696201223,840.0
1987-11-01,25214,840,870.8333333333334,1987,11,4,305,44,1,0,866.0,863.0,844.0,869.0,857.6666666666666,860.6666666666666,11.930353445448436,12.436505404097396,840.0
1987-12-01,26041,840,865.1666666666666,1987,12,4,335,49,1,0,840.0,866.0,863.0,844.0,856.3333333333334,859.5,14.224392195567592,14.180973168279902,820.0
1988-01-01,25415,820,862.0,1988,1,1,1,53,1,0,840.0,840.0,866.0,863.0,848.6666666666666,853.6666666666666,15.011106998929964,13.721030087647536,867.0
1988-02-01,25137,867,859.8333333333334,1988,2,1,32,5,1,0,820.0,840.0,840.0,866.0,833.3333333333334,845.5,11.547005383792113,16.967616214408146,855.0
1988-03-01,26503,855,857.75,1988,3,1,61,9,1,0,867.0,820.0,840.0,840.0,842.3333333333334,849.3333333333334,23.586719427112442,19.03330414473851,851.0
1988-04-01,25518,851,853.0833333333334,1988,4,2,92,13,1,0,855.0,867.0,820.0,840.0,847.3333333333334,848.0,24.41993720985628,18.143869488051628,842.0
1988-05-01,26115,842,852.6666666666666,1988,5,2,122,17,1,0,851.0,855.0,867.0,820.0,857.6666666666666,845.5,8.326663997863864,16.084153692359656,851.0
1988-06-01,25542,851,850.6666666666666,1988,6,2,153,22,1,0,842.0,851.0,855.0,867.0,849.3333333333334,845.8333333333334,6.658328118478555,15.96767568139189,802.0
1988-07-01,24865,802,845.0833333333334,1988,7,3,183,26,1,0,851.0,842.0,851.0,855.0,848.0,847.6666666666666,5.196152422705573,15.79451381543974,824.0
1988-08-01,25536,824,843.4166666666666,1988,8,3,214,31,1,0,802.0,851.0,842.0,851.0,831.6666666666666,844.6666666666666,26.083200212652617,22.42022896105462,812.0
1988-09-01,24357,812,839.1666666666666,1988,9,3,245,35,1,0,824.0,802.0,851.0,842.0,825.6666666666666,837.5,24.54248017893304,20.656718035531075,791.0
1988-10-01,24532,791,832.9166666666666,1988,10,4,275,39,1,0,812.0,824.0,802.0,851.0,812.6666666666666,830.3333333333334,11.015141094571614,20.829466307759546,790.0
1988-11-01,23708,790,828.75,1988,11,4,306,44,1,0,791.0,812.0,824.0,802.0,809.0,820.3333333333334,16.703293088489687,23.191952627281623,799.0
1988-12-01,24766,799,825.3333333333334,1988,12,4,336,48,1,0,790.0,791.0,812.0,824.0,797.6666666666666,811.6666666666666,12.42309676905563,23.19195262728133,811.0
1989-01-01,25126,811,824.5833333333334,1989,1,1,1,52,1,0,799.0,790.0,791.0,812.0,793.3333333333334,803.0,4.932882862314883,13.053735097640912,750.0
1989-02-01,21010,750,814.8333333333334,1989,2,1,32,5,1,0,811.0,799.0,790.0,791.0,800.0,804.5,10.535653752852097,13.427583550266375,795.0
1989-03-01,24654,795,809.8333333333334,1989,3,1,60,9,1,0,750.0,811.0,799.0,790.0,786.6666666666666,792.1666666666666,32.31614663497675,22.710496838819576,790.0
1989-04-01,23686,790,804.75,1989,4,2,91,13,1,0,795.0,750.0,811.0,799.0,785.3333333333334,789.3333333333334,31.628046625318458,20.71392446317283,779.0
1989-05-01,24143,779,799.5,1989,5,2,121,18,1,0,790.0,795.0,750.0,811.0,778.3333333333334,789.1666666666666,24.66441431158094,20.701851769009203,771.0
1989-06-01,23133,771,792.8333333333334,1989,6,2,152,22,1,0,779.0,790.0,795.0,750.0,788.0,787.3333333333334,8.185352771871505,21.096603202080356,756.0
1989-07-01,23434,756,789.0,1989,7,3,182,26,1,0,771.0,779.0,790.0,795.0,780.0,782.6666666666666,9.539392014168646,21.096603202080203,763.0
1989-08-01,23639,763,783.9166666666666,1989,8,3,213,31,1,0,756.0,771.0,779.0,790.0,768.6666666666666,773.5,11.676186592090652,18.05270062897353,754.0
1989-09-01,22607,754,779.0833333333334,1989,9,3,244,35,1,0,763.0,756.0,771.0,779.0,763.3333333333334,775.6666666666666,7.505553499464062,15.227168701567964,760.0
1989-10-01,23556,760,776.5,1989,10,4,274,39,1,0,754.0,763.0,756.0,771.0,757.6666666666666,768.8333333333334,4.725815626250917,13.963046467945404,755.0
1989-11-01,22639,755,773.5833333333334,1989,11,4,305,44,1,0,760.0,754.0,763.0,756.0,759.0,763.8333333333334,4.5825756949541,9.537644712715826,693.0
1989-12-01,21490,693,764.75,1989,12,4,335,48,1,0,755.0,760.0,754.0,763.0,756.3333333333334,759.8333333333334,3.214550253661844,6.431692364066487,785.0
1990-01-01,24345,785,762.5833333333334,1990,1,1,1,1,1,0,693.0,755.0,760.0,754.0,736.0,746.8333333333334,37.32291521304283,26.588844778703237,744.0
1990-02-01,20835,744,762.0833333333334,1990,2,1,32,5,1,0,785.0,693.0,755.0,760.0,744.3333333333334,751.6666666666666,46.91836882643424,30.87825556384268,745.0
1990-03-01,23107,745,757.9166666666666,1990,3,1,60,9,1,0,744.0,785.0,693.0,755.0,740.6666666666666,748.5,46.0904907039762,30.454884665670797,736.0
1990-04-01,22070,736,753.4166666666666,1990,4,2,91,13,1,0,745.0,744.0,785.0,693.0,758.0,747.0,23.388031127052674,30.351276744138925,737.0
1990-05-01,22849,737,749.9166666666666,1990,5,2,121,18,1,0,736.0,745.0,744.0,785.0,741.6666666666666,743.0,4.9328828623146865,29.873064790866415,723.0
1990-06-01,21677,723,745.9166666666666,1990,6,2,152,22,1,0,737.0,736.0,745.0,744.0,739.3333333333334,740.0,4.9328828623146865,29.3257565972184,727.0
1990-07-01,22537,727,743.5,1990,7,3,182,26,1,0,723.0,737.0,736.0,745.0,732.0,745.0,7.810249675905679,21.118712081926432,762.0
1990-08-01,23623,762,743.4166666666666,1990,8,3,213,31,1,0,727.0,723.0,737.0,736.0,729.0,735.3333333333334,7.211102550926922,8.869423130393491,732.0
1990-09-01,21949,732,741.5833333333334,1990,9,3,244,35,1,0,762.0,727.0,723.0,737.0,737.3333333333334,738.3333333333334,21.455380055671757,13.966626889337416,763.0
1990-10-01,23664,763,741.8333333333334,1990,10,4,274,40,1,0,732.0,762.0,727.0,723.0,740.3333333333334,736.1666666666666,18.929694486000486,13.731957859896017,756.0
1990-11-01,22679,756,741.9166666666666,1990,11,4,305,44,1,0,763.0,732.0,762.0,727.0,752.3333333333334,740.6666666666666,17.616280348964604,17.55752450278702,688.0
1990-12-01,21322,688,741.5,1990,12,4,335,48,1,0,756.0,763.0,732.0,762.0,750.3333333333334,743.8333333333334,16.25833119767575,18.45444842486415,721.0
1991-01-01,22350,721,736.1666666666666,1991,1,1,1,1,1,0,688.0,756.0,763.0,732.0,735.6666666666666,738.0,41.42865353029609,28.92058090701665,757.0
1991-02-01,21209,757,737.25,1991,2,1,32,5,1,0,721.0,688.0,756.0,763.0,721.6666666666666,737.0,34.004901607464085,29.4754134830929,739.0
1991-03-01,22924,739,736.75,1991,3,1,60,9,1,0,757.0,721.0,688.0,756.0,722.0,736.1666666666666,34.5108678534745,28.687395606188453,747.0
1991-04-01,22415,747,737.6666666666666,1991,4,2,91,14,1,0,739.0,757.0,721.0,688.0,739.0,737.3333333333334,17.99999999999943,28.626328207892154,738.0
1991-05-01,22893,738,737.75,1991,5,2,121,18,1,0,747.0,739.0,757.0,721.0,747.6666666666666,734.6666666666666,9.018499505644654,26.417166136169083,720.0
1991-06-01,21600,720,737.5,1991,6,2,152,22,1,0,738.0,747.0,739.0,757.0,741.3333333333334,731.6666666666666,4.932882862314154,24.459490319014314,732.0
1991-07-01,22677,732,737.9166666666666,1991,7,3,182,27,1,0,720.0,738.0,747.0,739.0,735.0,737.0,13.747727084866767,14.491376746165106,719.0
1991-08-01,22294,719,734.3333333333334,1991,8,3,213,31,1,0,732.0,720.0,738.0,747.0,730.0,738.8333333333334,9.16515138991055,12.639883965684316,700.0
1991-09-01,21011,700,731.6666666666666,1991,9,3,244,35,1,0,719.0,732.0,720.0,738.0,723.6666666666666,732.5,7.234178138068794,11.148990985703154,703.0
1991-10-01,21785,703,726.6666666666666,1991,10,4,274,40,1,0,700.0,719.0,732.0,720.0,717.0,726.0,16.093476939430438,16.62528195247477,693.0
1991-11-01,20781,693,721.4166666666666,1991,11,4,305,44,1,0,703.0,700.0,719.0,732.0,707.3333333333334,718.6666666666666,10.214368964028699,15.148157203631817,689.0
1991-12-01,21347,689,721.5,1991,12,4,335,48,1,0,693.0,703.0,700.0,719.0,698.6666666666666,711.1666666666666,5.131601439444891,14.797522315101787,698.0
1992-01-01,21647,698,719.5833333333334,1992,1,1,1,1,1,0,689.0,693.0,703.0,700.0,695.0,706.0,7.211102550926558,16.419500601396606,695.0
1992-02-01,20159,695,714.4166666666666,1992,2,1,32,5,1,0,698.0,689.0,693.0,703.0,693.3333333333334,700.3333333333334,4.509249752820607,10.424330514038987,696.0
1992-03-01,21568,696,710.8333333333334,1992,3,1,61,9,1,0,695.0,698.0,689.0,693.0,694.0,696.3333333333334,4.582575694953588,5.046450897999519,708.0
1992-04-01,21232,708,707.5833333333334,1992,4,2,92,14,1,0,696.0,695.0,698.0,689.0,696.3333333333334,695.6666666666666,1.5275252316451957,4.71875689837053,674.0
1992-05-01,20880,674,702.25,1992,5,2,122,18,1,0,708.0,696.0,695.0,698.0,699.6666666666666,696.5,7.234178138068829,6.410928169871663,686.0
1992-06-01,20583,686,699.4166666666666,1992,6,2,153,23,1,0,674.0,708.0,696.0,695.0,692.6666666666666,693.3333333333334,17.243356208502814,11.307814407122036,678.0
1992-07-01,21027,678,694.9166666666666,1992,7,3,183,27,1,0,686.0,674.0,708.0,696.0,689.3333333333334,692.8333333333334,17.243356208502814,11.600287352730364,670.0
1992-08-01,20766,670,690.8333333333334,1992,8,3,214,31,1,0,678.0,686.0,674.0,708.0,679.3333333333334,689.5,6.110100926606134,12.645157175743028,673.0
1992-09-01,20189,673,688.5833333333334,1992,9,3,245,36,1,0,670.0,678.0,686.0,674.0,678.0,685.3333333333334,7.999999999998728,14.459137825814757,666.0
1992-10-01,20661,666,685.5,1992,10,4,275,40,1,0,673.0,670.0,678.0,686.0,673.6666666666666,681.5,4.04145188432486,14.11027994049854,632.0
1992-11-01,18948,632,680.4166666666666,1992,11,4,306,44,1,0,666.0,673.0,670.0,678.0,669.6666666666666,674.5,3.511884584281314,6.92098258914341,674.0
1992-12-01,20905,674,679.1666666666666,1992,12,4,336,49,1,0,632.0,666.0,673.0,670.0,657.0,667.5,21.93171219946084,18.716303053734112,629.0
1993-01-01,19502,629,673.4166666666666,1993,1,1,1,53,1,0,674.0,632.0,666.0,673.0,657.3333333333334,665.5,22.300971578236503,16.896745248692543,628.0
1993-02-01,17589,628,667.8333333333334,1993,2,1,32,5,1,0,629.0,674.0,632.0,666.0,645.0,657.3333333333334,25.159491250817837,20.992061991759403,658.0
1993-03-01,20409,658,664.6666666666666,1993,3,1,60,9,1,0,628.0,629.0,674.0,632.0,643.6666666666666,650.3333333333334,26.274195198584334,22.844401210490528,661.0
1993-04-01,19835,661,660.75,1993,4,2,91,13,1,0,658.0,628.0,629.0,674.0,638.3333333333334,647.8333333333334,17.03917055884208,20.575875842011147,622.0
1993-05-01,19279,622,656.4166666666666,1993,5,2,121,17,1,0,661.0,658.0,628.0,629.0,649.0,647.0,18.248287590894034,19.77877650410132,648.0
1993-06-01,19445,648,653.25,1993,6,2,152,22,1,0,622.0,661.0,658.0,628.0,647.0,645.3333333333334,21.702534414210177,21.630225765485086,651.0
1993-07-01,20186,651,651.0,1993,7,3,182,26,1,0,648.0,622.0,661.0,658.0,643.6666666666666,641.0,19.857828011474734,16.804761230055686,628.0
1993-08-01,19457,628,647.5,1993,8,3,213,30,1,0,651.0,648.0,622.0,661.0,640.3333333333334,644.6666666666666,15.947831618540178,16.045767873986414,633.0
1993-09-01,18995,633,644.1666666666666,1993,9,3,244,35,1,0,628.0,651.0,648.0,622.0,642.3333333333334,644.6666666666666,12.503332889006424,16.045767873986414,620.0
1993-10-01,19218,620,640.3333333333334,1993,10,4,274,39,1,0,633.0,628.0,651.0,648.0,637.3333333333334,640.5,12.09683154108174,15.109599597579747,620.0
1993-11-01,18608,620,639.3333333333334,1993,11,4,305,44,1,0,620.0,633.0,628.0,651.0,627.0,633.6666666666666,6.5574385243002515,13.125039682448168,594.0
1993-12-01,18404,594,632.6666666666666,1993,12,4,335,48,1,0,620.0,620.0,633.0,628.0,624.3333333333334,633.3333333333334,7.505553499463615,13.500617269808032,584.0
1994-01-01,18103,584,628.9166666666666,1994,1,1,1,52,1,0,594.0,620.0,620.0,633.0,611.3333333333334,624.3333333333334,15.011106998929534,18.747444270241953,604.0
1994-02-01,16904,604,626.9166666666666,1994,2,1,32,5,1,0,584.0,594.0,620.0,620.0,599.3333333333334,613.1666666666666,18.583146486354565,19.62056743995475,613.0
1994-03-01,19016,613,623.1666666666666,1994,3,1,60,9,1,0,604.0,584.0,594.0,620.0,594.0,609.1666666666666,9.999999999998959,18.400181158505116,601.0
1994-04-01,18032,601,618.1666666666666,1994,4,2,91,13,1,0,613.0,604.0,584.0,594.0,600.3333333333334,605.8333333333334,14.843629385474166,14.648094301505633,606.0
1994-05-01,18784,606,616.8333333333334,1994,5,2,121,17,1,0,601.0,613.0,604.0,584.0,606.0,602.6666666666666,6.244997998396666,12.925427136686725,604.0
1994-06-01,18122,604,613.1666666666666,1994,6,2,152,22,1,0,606.0,601.0,613.0,604.0,606.6666666666666,600.3333333333334,6.027713773339912,10.132456102337391,578.0
1994-07-01,17931,578,607.0833333333334,1994,7,3,182,26,1,0,604.0,606.0,601.0,613.0,603.6666666666666,602.0,2.5166114784192484,9.695359714787799,589.0
1994-08-01,18256,589,603.8333333333334,1994,8,3,213,31,1,0,578.0,604.0,606.0,601.0,596.0,601.0,15.620499351812613,11.966620241284861,584.0
1994-09-01,17528,584,599.75,1994,9,3,244,35,1,0,589.0,578.0,604.0,606.0,590.3333333333334,598.5,13.05118130030043,12.755391017100356,572.0
1994-10-01,17740,572,595.75,1994,10,4,274,39,1,0,584.0,589.0,578.0,604.0,583.6666666666666,593.6666666666666,5.507570547284168,11.60459679031476,587.0
1994-11-01,17605,587,593.0,1994,11,4,305,44,1,0,572.0,584.0,589.0,578.0,581.6666666666666,588.8333333333334,8.736894948052878,13.775582262313863,584.0
1994-12-01,18089,584,592.1666666666666,1994,12,4,335,48,1,0,587.0,572.0,584.0,589.0,581.0,585.6666666666666,7.93725393319241,10.930080816982612,578.0
1995-01-01,17906,578,591.6666666666666,1995,1,1,1,52,1,0,584.0,587.0,572.0,584.0,581.0,582.3333333333334,7.93725393319241,6.282250127602799,596.0
1995-02-01,16674,596,591.0,1995,2,1,32,5,1,0,578.0,584.0,587.0,572.0,583.0,582.3333333333334,4.58257569495348,6.282250127602799,584.0
1995-03-01,18100,584,588.5833333333334,1995,3,1,60,9,1,0,596.0,578.0,584.0,587.0,586.0,583.5,9.1651513899105,8.142481194273705,581.0
1995-04-01,17427,581,586.9166666666666,1995,4,2,91,13,1,0,584.0,596.0,578.0,584.0,586.0,583.5,9.1651513899105,8.142481194273705,570.0
1995-05-01,17681,570,583.9166666666666,1995,5,2,121,18,1,0,581.0,584.0,596.0,578.0,587.0,585.0,7.93725393319241,6.196773353859557,577.0
1995-06-01,17313,577,581.6666666666666,1995,6,2,152,22,1,0,570.0,581.0,584.0,596.0,578.3333333333334,582.1666666666666,7.371114795830542,8.542052836746262,548.0
1995-07-01,16984,548,579.1666666666666,1995,7,3,182,26,1,0,577.0,570.0,581.0,584.0,576.0,581.0,5.5677643628281155,8.717797887029496,574.0
1995-08-01,17782,574,577.9166666666666,1995,8,3,213,31,1,0,548.0,577.0,570.0,581.0,565.0,576.0,15.132745950420855,16.186414056210417,562.0
1995-09-01,16869,562,576.0833333333334,1995,9,3,244,35,1,0,574.0,548.0,577.0,570.0,566.3333333333334,572.3333333333334,15.947831618540242,12.909944487322397,564.0
1995-10-01,17485,564,575.4166666666666,1995,10,4,274,39,1,0,562.0,574.0,548.0,577.0,561.3333333333334,568.6666666666666,13.01281419729461,12.027745701740594,571.0
1995-11-01,17130,571,574.0833333333334,1995,11,4,305,44,1,0,564.0,562.0,574.0,548.0,566.6666666666666,565.8333333333334,6.429100507326956,10.438710009658015,548.0
1995-12-01,16982,548,571.0833333333334,1995,12,4,335,48,1,0,571.0,564.0,562.0,574.0,565.6666666666666,566.0,4.725815626250315,10.52615789350835,558.0
1996-01-01,17303,558,569.4166666666666,1996,1,1,1,1,1,0,548.0,571.0,564.0,562.0,561.0,561.1666666666666,11.78982612255068,11.107054815104021,565.0
1996-02-01,16390,565,566.8333333333334,1996,2,1,32,5,1,0,558.0,548.0,571.0,564.0,559.0,562.8333333333334,11.53256259466986,9.347013783328277,559.0
1996-03-01,17336,559,564.75,1996,3,1,61,9,1,0,565.0,558.0,548.0,571.0,557.0,561.3333333333334,8.54400374531627,7.788880963638235,587.0
1996-04-01,17601,587,565.25,1996,4,2,92,14,1,0,559.0,565.0,558.0,548.0,560.6666666666666,560.8333333333334,3.7859388971973273,7.8336879351762025,566.0
1996-05-01,17544,566,564.9166666666666,1996,5,2,122,18,1,0,587.0,559.0,565.0,558.0,570.3333333333334,564.6666666666666,14.742229591663241,13.36662510380731,559.0
1996-06-01,16770,559,563.4166666666666,1996,6,2,153,22,1,0,566.0,587.0,559.0,565.0,570.6666666666666,563.8333333333334,14.571661996262163,13.044794619530443,562.0
1996-07-01,17408,562,564.5833333333334,1996,7,3,183,27,1,0,559.0,566.0,587.0,559.0,570.6666666666666,565.6666666666666,14.571661996262163,10.984838035480236,551.0
1996-08-01,17076,551,562.6666666666666,1996,8,3,214,31,1,0,562.0,559.0,566.0,587.0,562.3333333333334,566.3333333333334,3.5118845842810065,10.538817137882894,569.0
1996-09-01,17061,569,563.25,1996,9,3,245,35,1,0,551.0,562.0,559.0,566.0,557.3333333333334,564.0,5.686240703075351,12.296340919113451,569.0
1996-10-01,17631,569,563.6666666666666,1996,10,4,275,40,1,0,569.0,551.0,562.0,559.0,560.6666666666666,565.6666666666666,9.073771725876243,12.160043859531639,534.0
1996-11-01,16025,534,560.5833333333334,1996,11,4,306,44,1,0,569.0,569.0,551.0,562.0,563.0,562.6666666666666,10.392304845412195,6.947421583992784,564.0
1996-12-01,17477,564,561.9166666666666,1996,12,4,336,48,1,0,534.0,569.0,569.0,551.0,557.3333333333334,557.3333333333334,20.20725942163637,13.276545735458516,555.0
1997-01-01,17195,555,561.6666666666666,1997,1,1,1,1,1,0,564.0,534.0,569.0,569.0,555.6666666666666,558.1666666666666,18.929694486000358,13.556056457012966,561.0
1997-02-01,15697,561,561.3333333333334,1997,2,1,32,5,1,0,555.0,564.0,534.0,569.0,551.0,557.0,15.394804318339958,13.461054936335955,570.0
1997-03-01,17657,570,562.25,1997,3,1,60,9,1,0,561.0,555.0,564.0,534.0,560.0,558.6666666666666,4.582575694953508,13.18585100271209,554.0
1997-04-01,16613,554,559.5,1997,4,2,91,14,1,0,570.0,561.0,555.0,564.0,562.0,558.8333333333334,7.549834435269334,13.34790870008195,587.0
1997-05-01,18187,587,561.25,1997,5,2,121,18,1,0,554.0,570.0,561.0,555.0,561.6666666666666,556.3333333333334,8.020806277009298,12.436505404080398,570.0
1997-06-01,17090,570,562.1666666666666,1997,6,2,152,22,1,0,587.0,554.0,570.0,561.0,570.3333333333334,565.1666666666666,16.50252505931475,12.221565638891343,575.0
1997-07-01,17818,575,563.25,1997,7,3,182,27,1,0,570.0,587.0,554.0,570.0,570.3333333333334,566.1666666666666,16.50252505931475,12.351787994688479,551.0
1997-08-01,17085,551,563.25,1997,8,3,213,31,1,0,575.0,570.0,587.0,554.0,577.3333333333334,569.5,8.736894948052822,11.397368117204383,566.0
1997-09-01,16987,566,563.0,1997,9,3,244,36,1,0,551.0,575.0,570.0,587.0,565.3333333333334,567.8333333333334,12.662279942147528,13.43750968988421,538.0
1997-10-01,16676,538,560.4166666666666,1997,10,4,274,40,1,0,566.0,551.0,575.0,570.0,564.0,567.1666666666666,12.12435565298125,13.407709225133553,526.0
1997-11-01,15787,526,559.75,1997,11,4,305,44,1,0,538.0,566.0,551.0,575.0,551.6666666666666,564.5,14.011899704655017,17.512852423265084,567.0
1997-12-01,17571,567,560.0,1997,12,4,335,49,1,0,526.0,538.0,566.0,551.0,543.3333333333334,554.3333333333334,20.526405757787014,19.438792829435588,558.0
1998-01-01,17308,558,560.25,1998,1,1,1,1,1,0,567.0,526.0,538.0,566.0,543.6666666666666,553.8333333333334,21.079215671682693,18.988593067042007,554.0
1998-02-01,15524,554,559.6666666666666,1998,2,1,32,5,1,0,558.0,567.0,526.0,538.0,550.3333333333334,551.0,21.548395145191513,16.27267648541707,503.0
1998-03-01,15592,503,554.0833333333334,1998,3,1,60,9,1,0,554.0,558.0,567.0,526.0,559.6666666666666,551.5,6.65832811847781,16.318700928659922,551.0
1998-04-01,16516,551,553.8333333333334,1998,4,2,91,14,1,0,503.0,554.0,558.0,567.0,538.3333333333334,541.0,30.66485501895147,23.714974172430214,532.0
1998-05-01,16484,532,549.25,1998,5,2,121,18,1,0,551.0,503.0,554.0,558.0,536.0,543.1666666666666,28.618176042508026,23.978462558423168,507.0
1998-06-01,15214,507,544.0,1998,6,2,152,23,1,0,532.0,551.0,503.0,554.0,528.6666666666666,544.1666666666666,24.172987679087452,23.232879000797624,517.0
1998-07-01,16022,517,539.1666666666666,1998,7,3,182,27,1,0,507.0,532.0,551.0,503.0,530.0,534.1666666666666,22.068076490713484,24.326254678139176,508.0
1998-08-01,15735,508,535.5833333333334,1998,8,3,213,31,1,0,517.0,507.0,532.0,551.0,518.6666666666666,527.3333333333334,12.583057392117164,21.933232015954207,500.0
1998-09-01,14989,500,530.0833333333334,1998,9,3,244,36,1,0,508.0,517.0,507.0,532.0,510.6666666666667,519.6666666666666,5.507570547284303,18.5220589208022,498.0
1998-10-01,15437,498,526.75,1998,10,4,274,40,1,0,500.0,508.0,517.0,507.0,508.3333333333333,519.1666666666666,8.504900548114216,19.093628954854747,486.0
1998-11-01,14592,486,523.4166666666666,1998,11,4,305,44,1,0,498.0,500.0,508.0,517.0,502.0,510.3333333333333,5.291502622127296,12.564500255308797,465.0
1998-12-01,14425,465,514.9166666666666,1998,12,4,335,49,1,0,486.0,498.0,500.0,508.0,494.6666666666667,502.6666666666667,7.571877794399056,10.576703960385974,445.0
1999-01-01,13800,445,505.5,1999,1,1,1,53,1,0,465.0,486.0,498.0,500.0,483.0,495.6666666666667,16.703293088489474,18.250114154865855,478.0
1999-02-01,13387,478,499.1666666666667,1999,2,1,32,5,1,0,445.0,465.0,486.0,498.0,465.3333333333333,483.6666666666667,20.50203241957522,24.138489320287206,450.0
1999-03-01,13952,450,494.75,1999,3,1,60,9,1,0,478.0,445.0,465.0,486.0,462.6666666666667,478.6666666666667,16.62327685305496,20.992061991753282,466.0
1999-04-01,13982,466,487.6666666666667,1999,4,2,91,13,1,0,450.0,478.0,445.0,465.0,457.6666666666667,470.3333333333333,17.785762095938225,20.752509888338857,451.0
1999-05-01,13970,451,480.9166666666667,1999,5,2,121,17,1,0,466.0,450.0,478.0,445.0,464.6666666666667,465.0,14.04753833713625,15.722595205592764,458.0
1999-06-01,13741,458,476.8333333333333,1999,6,2,152,22,1,0,451.0,466.0,450.0,478.0,455.6666666666667,459.1666666666667,8.962886439831365,12.544587146079706,447.0
1999-07-01,13853,447,471.0,1999,7,3,182,26,1,0,458.0,451.0,466.0,450.0,458.3333333333333,458.0,7.5055534994637725,12.214745187637774,463.0
1999-08-01,14356,463,467.25,1999,8,3,213,30,1,0,447.0,458.0,451.0,466.0,452.0,458.3333333333333,5.567764362828175,11.809600614143864,465.0
1999-09-01,13939,465,464.3333333333333,1999,9,3,244,35,1,0,463.0,447.0,458.0,451.0,456.0,455.8333333333333,8.185352771871194,7.678975626057438,451.0
1999-10-01,13994,451,460.4166666666667,1999,10,4,274,39,1,0,465.0,463.0,447.0,458.0,458.3333333333333,458.3333333333333,9.865765724631457,7.840068026846902,468.0
1999-11-01,14033,468,458.9166666666667,1999,11,4,305,44,1,0,451.0,465.0,463.0,447.0,459.6666666666667,455.8333333333333,7.571877794399032,7.277820186400889,461.0
1999-12-01,14288,461,458.5833333333333,1999,12,4,335,48,1,0,468.0,451.0,465.0,463.0,461.3333333333333,458.6666666666667,9.073771725876362,8.26236447184385,463.0
2000-01-01,14341,463,460.0833333333333,2000,1,1,1,52,1,0,461.0,468.0,451.0,465.0,460.0,459.1666666666667,8.544003745316354,8.304617189587253,479.0
2000-02-01,13905,479,460.1666666666667,2000,2,1,32,5,1,0,463.0,461.0,468.0,451.0,464.0,461.8333333333333,3.605551275461203,5.810909280447535,492.0
2000-03-01,15242,492,463.6666666666667,2000,3,1,61,9,1,0,479.0,463.0,461.0,468.0,467.6666666666667,464.5,9.865765724631467,9.159694317985082,476.0
2000-04-01,14292,476,464.5,2000,4,2,92,13,1,0,492.0,479.0,463.0,461.0,478.0,469.0,14.52583904633325,14.518953130268534,482.0
2000-05-01,14954,482,467.0833333333333,2000,5,2,122,18,1,0,476.0,492.0,479.0,463.0,482.3333333333333,473.1666666666667,8.50490054811418,11.617515511743752,486.0
2000-06-01,14587,486,469.4166666666667,2000,6,2,153,22,1,0,482.0,476.0,492.0,479.0,483.3333333333333,475.5,8.082903768653498,11.777096416304953,470.0
2000-07-01,14578,470,471.3333333333333,2000,7,3,183,26,1,0,486.0,482.0,476.0,492.0,481.3333333333333,479.6666666666667,5.033222956845133,9.892758294106585,495.0
2000-08-01,15340,495,474.0,2000,8,3,214,31,1,0,470.0,486.0,482.0,476.0,479.3333333333333,480.8333333333333,8.326663997863298,7.7049767465980095,487.0
2000-09-01,14603,487,475.8333333333333,2000,9,3,245,35,1,0,495.0,470.0,486.0,482.0,483.6666666666667,483.5,12.662279942147569,9.502631214508558,458.0
2000-10-01,14191,458,476.4166666666667,2000,10,4,275,39,1,0,487.0,495.0,470.0,486.0,484.0,482.6666666666667,12.767145334802894,8.801515021041444,466.0
2000-11-01,13992,466,476.25,2000,11,4,306,44,1,0,458.0,487.0,495.0,470.0,480.0,479.6666666666667,19.467922333931252,13.396516960225695,450.0
2000-12-01,13950,450,475.3333333333333,2000,12,4,336,48,1,0,466.0,458.0,487.0,495.0,470.3333333333333,477.0,14.977761292439954,14.39444337232062,454.0
2001-01-01,14079,454,474.5833333333333,2001,1,1,1,1,1,0,450.0,466.0,458.0,487.0,458.0,471.0,7.999999999998687,17.134759992452146,457.0
2001-02-01,12804,457,472.75,2001,2,1,32,5,1,0,454.0,450.0,466.0,458.0,456.6666666666667,468.3333333333333,8.326663997863273,18.511257835857688,478.0
2001-03-01,14813,478,471.5833333333333,2001,3,1,60,9,1,0,457.0,454.0,450.0,466.0,453.6666666666667,462.0,3.5118845842812734,13.341664064086213,471.0
2001-04-01,14138,471,471.1666666666667,2001,4,2,91,13,1,0,478.0,457.0,454.0,450.0,463.0,460.5,13.076696830621222,10.07472083975173,461.0
2001-05-01,14306,461,469.4166666666667,2001,5,2,121,18,1,0,471.0,478.0,457.0,454.0,468.6666666666667,462.6666666666667,10.692676621562647,10.801234497296917,465.0
2001-06-01,13961,465,467.6666666666667,2001,6,2,152,22,1,0,461.0,471.0,478.0,457.0,470.0,461.8333333333333,8.544003745316296,10.684880283166303,449.0
2001-07-01,13926,449,465.9166666666667,2001,7,3,182,26,1,0,465.0,461.0,471.0,478.0,465.6666666666667,464.3333333333333,5.033222956845069,8.981462390145541,451.0
2001-08-01,13988,451,462.25,2001,8,3,213,31,1,0,449.0,465.0,461.0,471.0,458.3333333333333,463.5,8.32666399786326,10.271319292035034,445.0
2001-09-01,13344,445,458.75,2001,9,3,244,35,1,0,451.0,449.0,465.0,461.0,455.0,462.5,8.717797887080131,11.273863579045555,465.0
2001-10-01,14403,465,459.3333333333333,2001,10,4,274,40,1,0,445.0,451.0,449.0,465.0,448.3333333333333,457.0,3.0550504633004154,10.198039027132777,455.0
2001-11-01,13641,455,458.4166666666667,2001,11,4,305,44,1,0,465.0,445.0,451.0,449.0,453.6666666666667,456.0,10.263202878892725,8.740709353303197,448.0
2001-12-01,13885,448,458.25,2001,12,4,335,48,1,0,455.0,465.0,445.0,451.0,455.0,455.0,9.999999999998927,8.390470785296898,447.0
2002-01-01,13871,447,457.6666666666667,2002,1,1,1,1,1,0,448.0,455.0,465.0,445.0,456.0,452.1666666666667,8.544003745316276,7.111024304949599,443.0
2002-02-01,12406,443,456.5,2002,2,1,32,5,1,0,447.0,448.0,455.0,465.0,450.0,451.8333333333333,4.358898943538212,7.332575718366875,446.0
2002-03-01,13815,446,453.8333333333333,2002,3,1,60,9,1,0,443.0,447.0,448.0,455.0,446.0,450.5,2.6457513110605353,8.191458966442742,458.0
2002-04-01,13734,458,452.75,2002,4,2,91,14,1,0,446.0,443.0,447.0,448.0,445.3333333333333,450.6666666666667,2.0816659994609807,8.066391179801663,456.0
2002-05-01,14136,456,452.3333333333333,2002,5,2,121,18,1,0,458.0,446.0,443.0,447.0,449.0,449.5,7.9372539331924195,5.753259945362632,450.0
2002-06-01,13490,450,451.0833333333333,2002,6,2,152,22,1,0,456.0,458.0,446.0,443.0,453.3333333333333,449.6666666666667,6.42910050732697,5.955389715676118,453.0
2002-07-01,14054,453,451.4166666666667,2002,7,3,182,27,1,0,450.0,456.0,458.0,446.0,454.6666666666667,450.0,4.163331998929712,5.899152481409053,450.0
2002-08-01,13947,450,451.3333333333333,2002,8,3,213,31,1,0,453.0,450.0,456.0,458.0,453.0,451.0,2.9999999999964637,5.7965506983822435,441.0
2002-09-01,13244,441,451.0,2002,9,3,244,35,1,0,450.0,453.0,450.0,456.0,451.0,452.1666666666667,1.7320508075627525,4.400757510427453,439.0
2002-10-01,13604,439,448.8333333333333,2002,10,4,274,40,1,0,441.0,450.0,453.0,450.0,448.0,451.3333333333333,6.244997998396699,5.9888785816363646,457.0
2002-11-01,13697,457,449.0,2002,11,4,305,44,1,0,439.0,441.0,450.0,453.0,443.3333333333333,448.1666666666667,5.859465277080499,6.7354782061543,439.0
2002-12-01,13605,439,448.25,2002,12,4,335,48,1,0,457.0,439.0,441.0,450.0,445.6666666666667,448.3333333333333,9.865765724631403,6.9761498454075515,454.0
2003-01-01,14063,454,448.8333333333333,2003,1,1,1,1,1,0,439.0,457.0,439.0,441.0,445.0,446.5,10.392304845412225,7.842193570609634,433.0
2003-02-01,12123,433,448.0,2003,2,1,32,5,1,0,454.0,439.0,457.0,439.0,450.0,446.6666666666667,9.643650760991836,8.016649341562715,451.0
2003-03-01,13970,451,448.4166666666667,2003,3,1,60,9,1,0,433.0,454.0,439.0,457.0,442.0,443.8333333333333,10.816653826390969,9.474527252880483,457.0
2003-04-01,13696,457,448.3333333333333,2003,4,2,91,14,1,0,451.0,433.0,454.0,439.0,446.0,445.5,11.357816691599597,9.751922887252029,441.0
2003-05-01,13685,441,447.0833333333333,2003,5,2,121,18,1,0,457.0,451.0,433.0,454.0,447.0,448.5,12.489995996795932,10.114346246738485,440.0
2003-06-01,13202,440,446.25,2003,6,2,152,22,1,0,441.0,457.0,451.0,433.0,449.6666666666667,445.8333333333333,8.082903768653432,9.516652072319179,441.0
2003-07-01,13674,441,445.25,2003,7,3,182,27,1,0,440.0,441.0,457.0,451.0,446.0,446.0,9.539392014168332,9.380831519588781,431.0
2003-08-01,13358,431,443.6666666666667,2003,8,3,213,31,1,0,441.0,440.0,441.0,457.0,440.6666666666667,443.8333333333333,0.5773502691710382,8.635199283489335,436.0
2003-09-01,13089,436,443.25,2003,9,3,244,36,1,0,431.0,441.0,440.0,441.0,437.3333333333333,443.5,5.507570547284145,9.159694317983957,437.0
2003-10-01,13562,437,443.0833333333333,2003,10,4,274,40,1,0,436.0,431.0,441.0,440.0,436.0,441.0,4.999999999997842,8.740709353302213,425.0
2003-11-01,12740,425,440.4166666666667,2003,11,4,305,44,1,0,437.0,436.0,431.0,441.0,434.6666666666667,437.6666666666667,3.2145502536609554,3.881580433994353,444.0
2003-12-01,13752,444,440.8333333333333,2003,12,4,335,49,1,0,425.0,437.0,436.0,431.0,432.6666666666667,435.0,6.658328118477773,6.0332412515080245,429.0
2004-01-01,13301,429,438.75,2004,1,1,1,1,1,0,444.0,425.0,437.0,436.0,435.3333333333333,435.6666666666667,9.609023536931936,6.860515043753319,424.0
2004-02-01,12310,424,438.0,2004,2,1,32,5,1,0,429.0,444.0,425.0,437.0,432.6666666666667,433.6666666666667,10.016652800876747,6.742897497779661,444.0
2004-03-01,13776,444,437.4166666666667,2004,3,1,61,10,1,0,424.0,429.0,444.0,425.0,432.3333333333333,432.5,10.408329997329627,7.8166488982744555,440.0
2004-04-01,13209,440,436.0,2004,4,2,92,14,1,0,444.0,424.0,429.0,444.0,432.3333333333333,433.8333333333333,10.408329997329627,9.108603991038553,441.0
2004-05-01,13673,441,436.0,2004,5,2,122,18,1,0,440.0,444.0,424.0,429.0,436.0,434.3333333333333,10.583005244257345,9.395034149249486,431.0
2004-06-01,12925,431,435.25,2004,6,2,153,23,1,0,441.0,440.0,444.0,424.0,441.6666666666667,437.0,2.0816659994609603,8.438009243826436,434.0
2004-07-01,13439,434,434.6666666666667,2004,7,3,183,27,1,0,431.0,441.0,440.0,444.0,437.3333333333333,434.8333333333333,5.507570547284142,7.935153852671331,441.0
2004-08-01,13682,441,435.5,2004,8,3,214,31,1,0,434.0,431.0,441.0,440.0,435.3333333333333,435.6666666666667,5.131601439444775,7.447594689936182,444.0
2004-09-01,13326,444,436.1666666666667,2004,9,3,245,36,1,0,441.0,434.0,431.0,441.0,435.3333333333333,438.5,5.131601439444775,4.929503017435145,439.0
2004-10-01,13606,439,436.3333333333333,2004,10,4,275,40,1,0,444.0,441.0,434.0,431.0,439.6666666666667,438.5,5.131601439444775,4.929503017435145,428.0
2004-11-01,12848,428,436.5833333333333,2004,11,4,306,45,1,0,439.0,444.0,441.0,434.0,441.3333333333333,438.3333333333333,2.5166114784192595,4.885352256037294,459.0
2004-12-01,14243,459,437.8333333333333,2004,12,4,336,49,1,0,428.0,439.0,444.0,441.0,437.0,436.1666666666667,8.185352771871122,6.177917664194504,412.0
2005-01-01,12786,412,436.4166666666667,2005,1,1,1,53,1,0,459.0,428.0,439.0,444.0,442.0,440.8333333333333,15.716233645501019,10.534071704026477,439.0
2005-02-01,12304,439,437.6666666666667,2005,2,1,32,5,1,0,412.0,459.0,428.0,439.0,433.0,437.1666666666667,23.895606290696584,15.86715685513846,453.0
2005-03-01,14047,453,438.4166666666667,2005,3,1,60,9,1,0,439.0,412.0,459.0,428.0,436.6666666666667,436.8333333333333,23.586719427112186,15.791347841953423,447.0
2005-04-01,13407,447,439.0,2005,4,2,91,13,1,0,453.0,439.0,412.0,459.0,434.6666666666667,438.3333333333333,20.84066537645359,16.99019324980056,436.0
2005-05-01,13503,436,438.5833333333333,2005,5,2,121,17,1,0,447.0,453.0,439.0,412.0,446.3333333333333,439.6666666666667,7.023769168566915,17.36279547381613,421.0
2005-06-01,12620,421,437.75,2005,6,2,152,22,1,0,436.0,447.0,453.0,439.0,445.3333333333333,441.0,8.621678104250421,16.57709262804864,443.0
2005-07-01,13746,443,438.5,2005,7,3,182,26,1,0,421.0,436.0,447.0,453.0,434.6666666666667,434.6666666666667,13.051181300300415,15.55206309997373,418.0
2005-08-01,12954,418,436.5833333333333,2005,8,3,213,31,1,0,443.0,421.0,436.0,447.0,433.3333333333333,439.8333333333333,11.239810200057276,10.998484744071334,456.0
2005-09-01,13686,456,437.5833333333333,2005,9,3,244,35,1,0,418.0,443.0,421.0,436.0,427.3333333333333,436.3333333333333,13.650396819628043,14.193895401388808,449.0
2005-10-01,13922,449,438.4166666666667,2005,10,4,274,39,1,0,456.0,418.0,443.0,421.0,439.0,436.8333333333333,19.3132079158274,14.932068398770708,454.0
2005-11-01,13634,454,440.5833333333333,2005,11,4,305,44,1,0,449.0,456.0,418.0,443.0,441.0,437.1666666666667,20.223748416156145,15.223884742915233,452.0
2005-12-01,14021,452,440.0,2005,12,4,335,48,1,0,454.0,449.0,456.0,418.0,453.0,440.1666666666667,3.605551275460962,16.654328766587096,453.0
2006-01-01,14039,453,443.4166666666667,2006,1,1,1,52,1,0,452.0,454.0,449.0,456.0,451.6666666666667,445.3333333333333,2.5166114784192457,14.137420792548253,448.0
2006-02-01,12548,448,444.1666666666667,2006,2,1,32,5,1,0,453.0,452.0,454.0,449.0,453.0,447.0,0.9999999999890647,14.394443372319428,465.0
2006-03-01,14421,465,445.1666666666667,2006,3,1,60,9,1,0,448.0,453.0,452.0,454.0,451.0,452.0,2.6457513110604576,3.0331501774418608,456.0
2006-04-01,13683,456,445.9166666666667,2006,4,2,91,13,1,0,465.0,448.0,453.0,452.0,455.3333333333333,453.5,8.73689494805286,6.090976933047523,468.0
2006-05-01,14494,468,448.5833333333333,2006,5,2,121,18,1,0,456.0,465.0,448.0,453.0,456.3333333333333,454.6666666666667,8.504900548114106,5.715476066399438,471.0
2006-06-01,14135,471,452.75,2006,6,2,152,22,1,0,468.0,456.0,465.0,448.0,463.0,457.0,6.24499799839667,7.848566748070638,466.0
2006-07-01,14438,466,454.6666666666667,2006,7,3,182,26,1,0,471.0,468.0,456.0,465.0,465.0,460.1666666666667,7.937253933192412,9.15241316077838,467.0
2006-08-01,14462,467,458.75,2006,8,3,213,31,1,0,466.0,471.0,468.0,456.0,468.3333333333333,462.3333333333333,2.516611478419288,8.6409875978149,470.0
2006-09-01,14090,470,459.9166666666667,2006,9,3,244,35,1,0,467.0,466.0,471.0,468.0,468.0,465.5,2.645751311060506,5.089204259894323,463.0
2006-10-01,14341,463,461.0833333333333,2006,10,4,274,39,1,0,470.0,467.0,466.0,471.0,467.6666666666667,466.3333333333333,2.0816659994609332,5.391351098342019,466.0
2006-11-01,13987,466,462.0833333333333,2006,11,4,305,44,1,0,463.0,470.0,467.0,466.0,466.6666666666667,467.5,3.511884584281168,2.880972057991496,470.0
2006-12-01,14566,470,463.5833333333333,2006,12,4,335,48,1,0,466.0,463.0,470.0,467.0,466.3333333333333,467.1666666666667,3.511884584281168,2.9268868556188252,436.0
2007-01-01,13511,436,462.1666666666667,2007,1,1,1,1,1,0,470.0,466.0,463.0,470.0,466.3333333333333,467.0,3.511884584281168,2.683281572799902,456.0
2007-02-01,12761,456,462.8333333333333,2007,2,1,32,5,1,0,436.0,470.0,466.0,463.0,457.3333333333333,462.0,18.58314648635455,13.007690033165945,475.0
2007-03-01,14737,475,463.6666666666667,2007,3,1,60,9,1,0,456.0,436.0,470.0,466.0,454.0,460.1666666666667,17.088007490634418,12.937026963935349,473.0
2007-04-01,14189,473,465.0833333333333,2007,4,2,91,13,1,0,475.0,456.0,436.0,470.0,455.6666666666667,461.0,19.502136635079527,13.827508813915976,487.0
2007-05-01,15083,487,466.6666666666667,2007,5,2,121,18,1,0,473.0,475.0,456.0,436.0,468.0,462.6666666666667,10.440306508909467,14.692401664315863,474.0
2007-06-01,14215,474,466.9166666666667,2007,6,2,152,22,1,0,487.0,473.0,475.0,456.0,478.3333333333333,466.1666666666667,7.571877794398879,17.81478786473735,481.0
2007-07-01,14917,481,468.1666666666667,2007,7,3,182,26,1,0,474.0,487.0,473.0,475.0,478.0,466.8333333333333,7.810249675905217,18.06008490194865,488.0
2007-08-01,15115,488,469.9166666666667,2007,8,3,213,31,1,0,481.0,474.0,487.0,473.0,480.6666666666667,474.3333333333333,6.506407098645986,10.424330514023282,495.0
2007-09-01,14859,495,472.0,2007,9,3,244,35,1,0,488.0,481.0,474.0,487.0,481.0,479.6666666666667,6.999999999998402,6.6833125518412935,461.0
2007-10-01,14291,461,471.8333333333333,2007,10,4,274,40,1,0,495.0,488.0,481.0,474.0,488.0,483.0,6.999999999998402,8.602325266980696,496.0
2007-11-01,14875,496,474.3333333333333,2007,11,4,305,44,1,0,461.0,495.0,488.0,481.0,481.3333333333333,481.0,17.953644012659677,12.083045973550433,483.0
2007-12-01,14972,483,475.4166666666667,2007,12,4,335,48,1,0,496.0,461.0,495.0,488.0,484.0,482.5,19.924858845170704,13.457340004582415,511.0
2008-01-01,15830,511,481.6666666666667,2008,1,1,1,1,1,0,483.0,496.0,461.0,495.0,480.0,484.0,17.69180601295349,12.806248474824118,489.0
2008-02-01,14182,489,484.4166666666667,2008,2,1,32,5,1,0,511.0,483.0,496.0,461.0,496.6666666666667,489.0,14.011899704654981,16.673332000501212,517.0
2008-03-01,16035,517,487.9166666666667,2008,3,1,61,9,1,0,489.0,511.0,483.0,496.0,494.3333333333333,489.1666666666667,14.742229591663206,16.66633332996807,530.0
2008-04-01,15886,530,492.6666666666667,2008,4,2,92,14,1,0,517.0,489.0,511.0,483.0,505.6666666666667,492.8333333333333,14.742229591663206,20.242694155314584,534.0
2008-05-01,16541,534,496.5833333333333,2008,5,2,122,18,1,0,530.0,517.0,489.0,511.0,512.0,504.3333333333333,20.952326839756417,18.01850900229027,536.0
2008-06-01,16083,536,501.75,2008,6,2,153,22,1,0,534.0,530.0,517.0,489.0,527.0,510.6666666666667,8.888194417314297,20.944370763181688,541.0
2008-07-01,16772,541,506.75,2008,7,3,183,27,1,0,536.0,534.0,530.0,517.0,533.3333333333334,519.5,3.0550504633001223,17.896927110511413,561.0
2008-08-01,17389,561,512.8333333333334,2008,8,3,214,31,1,0,541.0,536.0,534.0,530.0,537.0,524.5,3.605551275460781,19.191143790794783,571.0
2008-09-01,17123,571,519.1666666666666,2008,9,3,245,36,1,0,561.0,541.0,536.0,534.0,546.0,536.5,13.228756555322079,14.487926007505983,583.0
2008-10-01,18065,583,529.3333333333334,2008,10,4,275,40,1,0,571.0,561.0,541.0,536.0,557.6666666666666,545.5,15.275252316518722,16.574076143151178,591.0
2008-11-01,17728,591,537.25,2008,11,4,306,44,1,0,583.0,571.0,561.0,541.0,571.6666666666666,554.3333333333334,11.015141094571208,20.353541870289934,567.0
2008-12-01,17572,567,544.25,2008,12,4,336,49,1,0,591.0,583.0,571.0,561.0,581.6666666666666,563.8333333333334,10.06644591369327,22.184829651490507,556.0
2009-01-01,17232,556,548.0,2009,1,1,1,1,1,0,567.0,591.0,583.0,571.0,580.3333333333334,569.0,12.220201853214727,17.527121840136484,579.0
2009-02-01,16215,579,555.5,2009,2,1,32,5,1,0,556.0,567.0,591.0,583.0,571.3333333333334,571.5,17.897858344877836,13.292855223727951,566.0
2009-03-01,17543,566,559.5833333333334,2009,3,1,60,9,1,0,579.0,556.0,567.0,591.0,567.3333333333334,574.5,11.503622617824062,12.453915047044202,568.0
2009-04-01,17031,568,562.75,2009,4,2,91,14,1,0,566.0,579.0,556.0,567.0,567.0,573.6666666666666,11.532562594669928,12.894443247603204,583.0
2009-05-01,18060,583,566.8333333333334,2009,5,2,121,18,1,0,568.0,566.0,579.0,556.0,571.0,571.1666666666666,6.999999999998571,12.1559313368272,594.0
2009-06-01,17830,594,571.6666666666666,2009,6,2,152,23,1,0,583.0,568.0,566.0,579.0,572.3333333333334,569.8333333333334,9.291573243176476,9.745084230813818,603.0
2009-07-01,18698,603,576.8333333333334,2009,7,3,182,27,1,0,594.0,583.0,568.0,566.0,581.6666666666666,574.3333333333334,13.05118130030049,13.63329258343924,596.0
2009-08-01,18471,596,579.75,2009,8,3,213,31,1,0,603.0,594.0,583.0,568.0,593.3333333333334,582.1666666666666,10.016652800876813,14.469508169446007,617.0
2009-09-01,18502,617,583.5833333333334,2009,9,3,244,36,1,0,596.0,603.0,594.0,583.0,597.6666666666666,585.0,4.725815626250453,15.362291495704657,607.0
2009-10-01,18812,607,585.5833333333334,2009,10,4,274,40,1,0,617.0,596.0,603.0,594.0,605.3333333333334,593.5,10.692676621562663,16.7898779030404,615.0
2009-11-01,18449,615,587.5833333333334,2009,11,4,305,44,1,0,607.0,617.0,596.0,603.0,606.6666666666666,600.0,10.503967504391504,11.730302638849865,598.0
2009-12-01,18525,598,590.1666666666666,2009,12,4,335,49,1,0,615.0,607.0,617.0,596.0,613.0,605.3333333333334,5.2915026221272585,9.521904571338524,586.0
2010-01-01,18165,586,592.6666666666666,2010,1,1,1,53,1,0,598.0,615.0,607.0,617.0,606.6666666666666,606.0,8.504900548114172,8.671793355414499,635.0
2010-02-01,17778,635,597.3333333333334,2010,2,1,32,5,1,0,586.0,598.0,615.0,607.0,599.6666666666666,603.1666666666666,14.57166199626221,11.990273836142187,661.0
2010-03-01,20488,661,605.25,2010,3,1,60,9,1,0,635.0,586.0,598.0,615.0,606.3333333333334,609.6666666666666,25.54081700598693,16.89575883663353,672.0
2010-04-01,20165,672,613.9166666666666,2010,4,2,91,13,1,0,661.0,635.0,586.0,598.0,627.3333333333334,617.0,38.08324215889858,27.15142721845423,675.0
2010-05-01,20917,675,621.5833333333334,2010,5,2,121,17,1,0,672.0,661.0,635.0,586.0,656.0,627.8333333333334,18.999999999999353,34.371014920506624,698.0
2010-06-01,20933,698,630.25,2010,6,2,152,22,1,0,675.0,672.0,661.0,635.0,669.3333333333334,637.8333333333334,7.371114795830317,38.38445866057894,703.0
2010-07-01,21785,703,638.5833333333334,2010,7,3,182,26,1,0,698.0,675.0,672.0,661.0,681.6666666666666,654.5,14.224392195567052,39.328106997401186,710.0
2010-08-01,21998,710,648.0833333333334,2010,8,3,213,30,1,0,703.0,698.0,675.0,672.0,692.0,674.0,14.933184523067268,24.947945807201183,734.0
2010-09-01,22024,734,657.8333333333334,2010,9,3,244,35,1,0,710.0,703.0,698.0,675.0,703.6666666666666,686.5,6.027713773339714,19.745885647371047,730.0
2010-10-01,22627,730,668.0833333333334,2010,10,4,274,39,1,0,734.0,710.0,703.0,698.0,715.6666666666666,698.6666666666666,16.258331197675545,23.09689733851125,754.0
2010-11-01,22607,754,679.6666666666666,2010,11,4,305,44,1,0,730.0,734.0,710.0,703.0,724.6666666666666,708.3333333333334,12.858201014656384,21.805198156993086,750.0
2010-12-01,23250,750,692.3333333333334,2010,12,4,335,48,1,0,754.0,730.0,734.0,710.0,739.3333333333334,721.5,12.858201014656384,21.50116275923413,733.0
2011-01-01,22724,733,704.5833333333334,2011,1,1,1,52,1,0,750.0,754.0,730.0,734.0,744.6666666666666,730.1666666666666,12.858201014656384,20.59530690875347,712.0
2011-02-01,19928,712,711.0,2011,2,1,32,5,1,0,733.0,750.0,754.0,730.0,745.6666666666666,735.1666666666666,11.150485789117464,15.753306531193749,784.0
2011-03-01,24313,784,721.25,2011,3,1,60,9,1,0,712.0,733.0,750.0,754.0,731.6666666666666,735.5,19.035055380358358,15.122830422876712,764.0
2011-04-01,22912,764,728.9166666666666,2011,4,2,91,13,1,0,784.0,712.0,733.0,750.0,743.0,743.8333333333334,37.02701716314691,24.806585147209525,780.0
2011-05-01,24166,780,737.6666666666666,2011,5,2,121,17,1,0,764.0,784.0,712.0,733.0,753.3333333333334,749.5,37.16629297270995,24.89779106666076,809.0
2011-06-01,24279,809,746.9166666666666,2011,6,2,152,22,1,0,780.0,764.0,784.0,712.0,776.0,753.8333333333334,10.583005244257158,27.917139299465518,842.0
2011-07-01,26094,842,758.5,2011,7,3,182,26,1,0,809.0,780.0,764.0,784.0,784.3333333333334,763.6666666666666,22.81081614790026,35.62396197316868,869.0
2011-08-01,26938,869,771.75,2011,8,3,213,31,1,0,842.0,809.0,780.0,764.0,810.3333333333334,781.8333333333334,31.021497922139506,43.728327965585166,894.0
2011-09-01,26810,894,785.0833333333334,2011,9,3,244,35,1,0,869.0,842.0,809.0,780.0,840.0,808.0,30.049958402632964,40.43266006583199,922.0
2011-10-01,28574,922,801.0833333333334,2011,10,4,274,39,1,0,894.0,869.0,842.0,809.0,868.3333333333334,826.3333333333334,26.006409466385474,50.94572275143225,958.0
2011-11-01,28752,958,818.0833333333334,2011,11,4,305,44,1,0,922.0,894.0,869.0,842.0,895.0,852.6666666666666,26.514147167125138,53.07227776029418,975.0
2011-12-01,30226,975,836.8333333333334,2011,12,4,335,48,1,0,958.0,922.0,894.0,869.0,924.6666666666666,882.3333333333334,32.08322510804212,54.069091602003404,1006.0
2012-01-01,31185,1006,859.5833333333334,2012,1,1,1,52,1,0,975.0,958.0,922.0,894.0,951.6666666666666,910.0,27.06165799305922,51.447060168674234,1034.0
2012-02-01,29986,1034,886.4166666666666,2012,2,1,32,5,1,0,1006.0,975.0,958.0,922.0,979.6666666666666,937.3333333333334,24.337899115028552,51.659139236594626,1046.0
2012-03-01,32413,1046,908.25,2012,3,1,61,9,1,0,1034.0,1006.0,975.0,958.0,1005.0,964.8333333333334,29.512709126746987,51.924624858210485,1069.0
2012-04-01,32062,1069,933.6666666666666,2012,4,2,92,13,1,0,1046.0,1034.0,1006.0,975.0,1028.6666666666667,990.1666666666666,20.5264057577869,47.33039897006899,1127.0
2012-05-01,34950,1127,962.5833333333334,2012,5,2,122,18,1,0,1069.0,1046.0,1034.0,1006.0,1049.6666666666667,1014.6666666666666,17.785762095937997,42.81899889845537,1136.0
2012-06-01,34084,1136,989.8333333333334,2012,6,2,153,22,1,0,1127.0,1069.0,1046.0,1034.0,1080.6666666666667,1042.8333333333333,41.741266551618935,52.56392933053938,1158.0
2012-07-01,35894,1158,1016.1666666666666,2012,7,3,183,26,1,0,1136.0,1127.0,1069.0,1046.0,1110.6666666666667,1069.6666666666667,36.36390151418434,52.10246315353967,1197.0
2012-08-01,37098,1197,1043.5,2012,8,3,214,31,1,0,1158.0,1136.0,1127.0,1069.0,1140.3333333333333,1095.0,15.947831618539762,51.907610232020026,1217.0
2012-09-01,36508,1217,1070.4166666666667,2012,9,3,245,35,1,0,1197.0,1158.0,1136.0,1127.0,1163.6666666666667,1122.1666666666667,30.892285984259818,56.08356859781649,1264.0
2012-10-01,39191,1264,1098.9166666666667,2012,10,4,275,40,1,0,1217.0,1197.0,1158.0,1136.0,1190.6666666666667,1150.6666666666667,30.005555041246822,53.000628927079696,1250.0
2012-11-01,37487,1250,1123.25,2012,11,4,306,44,1,0,1264.0,1217.0,1197.0,1158.0,1226.0,1183.1666666666667,34.39476704383905,52.69313680799436,1272.0
2012-12-01,39425,1272,1148.0,2012,12,4,336,48,1,0,1250.0,1264.0,1217.0,1197.0,1243.6666666666667,1203.6666666666667,24.131583730316795,50.34547314968861,1268.0
2013-01-01,39301,1268,1169.8333333333333,2013,1,1,1,1,1,0,1272.0,1250.0,1264.0,1217.0,1262.0,1226.3333333333333,11.135528725658043,44.003030198680904,1262.0
2013-02-01,35322,1262,1188.8333333333333,2013,2,1,32,5,1,0,1268.0,1272.0,1250.0,1264.0,1263.3333333333333,1244.6666666666667,11.71893055416274,30.761447733584077,1328.0
2013-03-01,41164,1328,1212.3333333333333,2013,3,1,60,9,1,0,1262.0,1268.0,1272.0,1250.0,1267.3333333333333,1255.5,5.033222956842811,20.275601100814665,1353.0
2013-04-01,40584,1353,1236.0,2013,4,2,91,14,1,0,1328.0,1262.0,1268.0,1272.0,1286.0,1274.0,36.496575181788714,27.480902459696555,1367.0
2013-05-01,42362,1367,1256.0,2013,5,2,121,18,1,0,1353.0,1328.0,1262.0,1268.0,1314.3333333333333,1288.8333333333333,47.01418225741347,41.46524649228585,1382.0
2013-06-01,41474,1382,1276.5,2013,6,2,152,22,1,0,1367.0,1353.0,1328.0,1262.0,1349.3333333333333,1308.3333333333333,19.75685535031563,46.72757929388198,1430.0
2013-07-01,44343,1430,1299.1666666666667,2013,7,3,182,27,1,0,1382.0,1367.0,1353.0,1328.0,1367.3333333333333,1326.6666666666667,14.502873278536818,51.00457495819401,1500.0
2013-08-01,46514,1500,1324.4166666666667,2013,8,3,213,31,1,0,1430.0,1382.0,1367.0,1353.0,1393.0,1353.6666666666667,32.908965343808134,56.33708074320182,1527.0
2013-09-01,45816,1527,1350.25,2013,9,3,244,35,1,0,1500.0,1430.0,1382.0,1367.0,1437.3333333333333,1393.3333333333333,59.34082349726284,62.35275989614301,1552.0
2013-10-01,48114,1552,1374.25,2013,10,4,274,40,1,0,1527.0,1500.0,1430.0,1382.0,1485.6666666666667,1426.5,50.06329327294902,72.71519786124092,1555.0
2013-11-01,46649,1555,1399.6666666666667,2013,11,4,305,44,1,0,1552.0,1527.0,1500.0,1430.0,1526.3333333333333,1459.6666666666667,26.006409466385403,77.69856283526805,1508.0
2013-12-01,46750,1508,1419.3333333333333,2013,12,4,335,48,1,0,1555.0,1552.0,1527.0,1500.0,1544.6666666666667,1491.0,15.373136743465894,70.42158759925427,1559.0
2014-01-01,48329,1559,1443.5833333333333,2014,1,1,1,1,1,0,1508.0,1555.0,1552.0,1527.0,1538.3333333333333,1512.0,26.31222782915385,45.95214902482205,1551.0
2014-02-01,43419,1551,1467.6666666666667,2014,2,1,32,5,1,0,1559.0,1508.0,1555.0,1552.0,1540.6666666666667,1533.5,28.3607710285404,25.571468475616875,1596.0
2014-03-01,49478,1596,1490.0,2014,3,1,60,9,1,0,1551.0,1559.0,1508.0,1555.0,1539.3333333333333,1542.0,27.428695436226967,20.099751242228635,1598.0
2014-04-01,47940,1598,1510.4166666666667,2014,4,2,91,14,1,0,1596.0,1551.0,1559.0,1508.0,1568.6666666666667,1553.5,24.006943440040388,27.991070004547474,1687.0
2014-05-01,52296,1687,1537.0833333333333,2014,5,2,121,18,1,0,1598.0,1596.0,1551.0,1559.0,1581.6666666666667,1561.1666666666667,26.57693235370284,33.29514479118761,1731.0
2014-06-01,51934,1731,1566.1666666666667,2014,6,2,152,22,1,0,1687.0,1598.0,1596.0,1551.0,1627.0,1583.1666666666667,51.97114584074476,60.72039745148375,1788.0
2014-07-01,55417,1788,1596.0,2014,7,3,182,27,1,0,1731.0,1687.0,1598.0,1596.0,1672.0,1620.3333333333333,67.75691846593942,72.59660230800176,1802.0
2014-08-01,55847,1802,1621.1666666666667,2014,8,3,213,31,1,0,1788.0,1731.0,1687.0,1598.0,1735.3333333333333,1658.5,50.6392469664913,91.60949732423765,1869.0
2014-09-01,56077,1869,1649.6666666666667,2014,9,3,244,36,1,0,1802.0,1788.0,1731.0,1687.0,1773.6666666666667,1700.3333333333333,37.60762334066458,89.99703698825964,1891.0
2014-10-01,58632,1891,1677.9166666666667,2014,10,4,274,40,1,0,1869.0,1802.0,1788.0,1731.0,1819.6666666666667,1745.8333333333333,43.29357150124362,95.53934617039299,1881.0
2014-11-01,56435,1881,1705.0833333333333,2014,11,4,305,44,1,0,1891.0,1869.0,1802.0,1788.0,1854.0,1794.6666666666667,46.357307945996595,78.16563609839172,1931.0
2014-12-01,59857,1931,1740.3333333333333,2014,12,4,335,49,1,0,1881.0,1891.0,1869.0,1802.0,1880.3333333333333,1827.0,11.015141094570348,63.46337526478989,1902.0
2015-01-01,58974,1902,1768.9166666666667,2015,1,1,1,1,1,0,1931.0,1881.0,1891.0,1869.0,1901.0,1860.3333333333333,26.457513110645145,54.9023375337173,1861.0
2015-02-01,52101,1861,1794.75,2015,2,1,32,5,1,0,1902.0,1931.0,1881.0,1891.0,1904.6666666666667,1879.3333333333333,25.106440076866598,43.38048716492504,1928.0
2015-03-01,59770,1928,1822.4166666666667,2015,3,1,60,9,1,0,1861.0,1902.0,1931.0,1881.0,1898.0,1889.1666666666667,35.17101079013736,25.238198562223634,1915.0
2015-04-01,57442,1915,1848.8333333333333,2015,4,2,91,14,1,0,1928.0,1861.0,1902.0,1931.0,1897.0,1899.0,33.77869150810846,27.224988521569013,1933.0
2015-05-01,59937,1933,1869.3333333333333,2015,5,2,121,18,1,0,1915.0,1928.0,1861.0,1902.0,1901.3333333333333,1903.0,35.52933060632149,27.5753513123508,1951.0
2015-06-01,58520,1951,1887.6666666666667,2015,6,2,152,23,1,0,1933.0,1915.0,1928.0,1861.0,1925.3333333333333,1911.6666666666667,9.291573243175538,27.44934729034991,1919.0
2015-07-01,59481,1919,1898.5833333333333,2015,7,3,182,27,1,0,1951.0,1933.0,1915.0,1928.0,1933.0,1915.0,17.99999999999895,31.221787264658264,1890.0
2015-08-01,58605,1890,1905.9166666666667,2015,8,3,213,31,1,0,1919.0,1951.0,1933.0,1915.0,1934.3333333333333,1917.8333333333333,16.041612554020077,30.570683123971023,1873.0
2015-09-01,56188,1873,1906.25,2015,9,3,244,36,1,0,1890.0,1919.0,1951.0,1933.0,1920.0,1922.6666666666667,30.512292604784083,20.382999452147672,1889.0
2015-10-01,58546,1889,1906.0833333333333,2015,10,4,274,40,1,0,1873.0,1890.0,1919.0,1951.0,1894.0,1913.5,23.259406699225185,28.324900705908416,1863.0
2015-11-01,55892,1863,1904.5833333333333,2015,11,4,305,44,1,0,1889.0,1873.0,1890.0,1919.0,1884.0,1909.1666666666667,9.539392014167431,29.989442586787618,1869.0
2015-12-01,57944,1869,1899.4166666666667,2015,12,4,335,49,1,0,1863.0,1889.0,1873.0,1890.0,1875.0,1897.5,13.114877048602528,32.38363784381776,1808.0
2016-01-01,56043,1808,1891.5833333333333,2016,1,1,1,53,1,0,1869.0,1863.0,1889.0,1873.0,1873.6666666666667,1883.8333333333333,13.61371857110668,20.360910261238118,1753.0
2016-02-01,50840,1753,1882.5833333333333,2016,2,1,32,5,1,0,1808.0,1869.0,1863.0,1889.0,1846.6666666666667,1865.3333333333333,33.620430296670776,30.110906108354936,1791.0
2016-03-01,55529,1791,1871.1666666666667,2016,3,1,61,9,1,0,1753.0,1808.0,1869.0,1863.0,1810.0,1842.5,58.02585630561573,51.79864863101617,1674.0
2016-04-01,50218,1674,1851.0833333333333,2016,4,2,92,13,1,0,1791.0,1753.0,1808.0,1869.0,1784.0,1828.8333333333333,28.16025568065683,52.94682867430422,1697.0
2016-05-01,52605,1697,1831.4166666666667,2016,5,2,122,17,1,0,1674.0,1791.0,1753.0,1808.0,1739.3333333333333,1793.0,59.68528573554201,73.02876145738337,1683.0
2016-06-01,50491,1683,1809.0833333333333,2016,6,2,153,22,1,0,1697.0,1674.0,1791.0,1753.0,1720.6666666666667,1765.3333333333333,61.986557682559656,72.64892749838789,1655.0
2016-07-01,51297,1655,1787.0833333333333,2016,7,3,183,26,1,0,1683.0,1697.0,1674.0,1791.0,1684.6666666666667,1734.3333333333333,11.590225767141026,57.71539367158438,1611.0
2016-08-01,49947,1611,1763.8333333333333,2016,8,3,214,31,1,0,1655.0,1683.0,1697.0,1674.0,1678.3333333333333,1708.8333333333333,21.385353243126424,52.193550048506125,1594.0
2016-09-01,47835,1594,1740.5833333333333,2016,9,3,245,35,1,0,1611.0,1655.0,1683.0,1697.0,1649.6666666666667,1685.1666666666667,36.29508690350939,59.80105907645674,1671.0
2016-10-01,51798,1671,1722.4166666666667,2016,10,4,275,39,1,0,1594.0,1611.0,1655.0,1683.0,1620.0,1652.3333333333333,31.480152477393872,41.28760911781896,1669.0
2016-11-01,50082,1669,1706.25,2016,11,4,306,44,1,0,1671.0,1594.0,1611.0,1655.0,1625.3333333333333,1651.8333333333333,40.45161719058094,40.98983613855764,1564.0
2016-12-01,48489,1564,1680.8333333333333,2016,12,4,336,48,1,0,1669.0,1671.0,1594.0,1611.0,1644.6666666666667,1647.1666666666667,43.89001405027461,36.124322369641725,1593.0
2017-01-01,49398,1593,1662.9166666666667,2017,1,1,1,52,1,0,1564.0,1669.0,1671.0,1594.0,1634.6666666666667,1627.3333333333333,61.20729803980326,44.265863446517805,1655.0
2017-02-01,46338,1655,1654.75,2017,2,1,32,5,1,0,1593.0,1564.0,1669.0,1671.0,1608.6666666666667,1617.0,54.224840556089305,43.74928570844414,1674.0
2017-03-01,51897,1674,1645.0,2017,3,1,60,9,1,0,1655.0,1593.0,1564.0,1669.0,1604.0,1624.3333333333333,46.486557196677595,46.16347762751153,1688.0
2017-04-01,50631,1688,1646.1666666666667,2017,4,2,91,13,1,0,1674.0,1655.0,1593.0,1564.0,1640.6666666666667,1637.6666666666667,42.35957192103467,47.191807198557164,1670.0
2017-05-01,51761,1670,1643.9166666666667,2017,5,2,121,18,1,0,1688.0,1674.0,1655.0,1593.0,1672.3333333333333,1640.5,16.563010998405662,50.01899639136248,1693.0
2017-06-01,50785,1693,1644.75,2017,6,2,152,22,1,0,1670.0,1688.0,1674.0,1655.0,1677.3333333333333,1640.6666666666667,9.45163125250385,50.13448580234767,1695.0
2017-07-01,52558,1695,1648.0833333333333,2017,7,3,182,26,1,0,1693.0,1670.0,1688.0,1674.0,1683.6666666666667,1662.1666666666667,12.096831541081622,36.48241585566746,1759.0
2017-08-01,54524,1759,1660.4166666666667,2017,8,3,213,31,1,0,1695.0,1693.0,1670.0,1688.0,1686.0,1679.1666666666667,13.892443989448871,15.587388064262127,1767.0
2017-09-01,53024,1767,1674.8333333333333,2017,9,3,244,35,1,0,1759.0,1695.0,1693.0,1670.0,1715.6666666666667,1696.5,37.54108860080252,32.253681960348054,1861.0
2017-10-01,57706,1861,1690.6666666666667,2017,10,4,274,39,1,0,1767.0,1759.0,1695.0,1693.0,1740.3333333333333,1712.0,39.46306289852962,40.55613393802871,1903.0
2017-11-01,57083,1903,1710.1666666666667,2017,11,4,305,44,1,0,1861.0,1767.0,1759.0,1695.0,1795.6666666666667,1740.8333333333333,56.72154205708184,70.51359207036664,1868.0
2017-12-01,57910,1868,1735.5,2017,12,4,335,48,1,0,1903.0,1861.0,1767.0,1759.0,1843.6666666666667,1779.6666666666667,69.63715483370424,86.13168213071297,1886.0
2018-01-01,58477,1886,1759.9166666666667,2018,1,1,1,1,1,0,1868.0,1903.0,1861.0,1767.0,1877.3333333333333,1808.8333333333333,22.501851775649346,80.35027483877238,1874.0
2018-02-01,52485,1874,1778.1666666666667,2018,2,1,32,5,1,0,1886.0,1868.0,1903.0,1861.0,1885.6666666666667,1840.6666666666667,17.50238079043233,61.96343007505599,1915.0
2018-03-01,59379,1915,1798.25,2018,3,1,60,9,1,0,1874.0,1886.0,1868.0,1903.0,1876.0,1859.8333333333333,9.16515138990962,47.822240293261174,1951.0
2018-04-01,58543,1951,1820.1666666666667,2018,4,2,91,13,1,0,1915.0,1874.0,1886.0,1868.0,1891.6666666666667,1884.5,21.079215671682242,21.021417649621537,1980.0
2018-05-01,61368,1980,1846.0,2018,5,2,121,18,1,0,1951.0,1915.0,1874.0,1886.0,1913.3333333333333,1899.5,38.527046776690476,30.755487315272173,1947.0
2018-06-01,58412,1947,1867.1666666666667,2018,6,2,152,22,1,0,1980.0,1951.0,1915.0,1874.0,1948.6666666666667,1912.3333333333333,32.56275991578872,45.187018784896374,2010.0
2018-07-01,62298,2010,1893.4166666666667,2018,7,3,182,26,1,0,1947.0,1980.0,1951.0,1915.0,1959.3333333333333,1925.5,18.009256878985706,41.001219494058425,2087.0
2018-08-01,64709,2087,1920.75,2018,8,3,213,31,1,0,2010.0,1947.0,1980.0,1951.0,1979.0,1946.1666666666667,31.511902513176846,47.79714077920033,2120.0
2018-09-01,63595,2120,1950.1666666666667,2018,9,3,244,35,1,0,2087.0,2010.0,1947.0,1980.0,2014.6666666666667,1981.6666666666667,70.11656960614438,60.80679786559088,2174.0
2018-10-01,67379,2174,1976.25,2018,10,4,274,40,1,0,2120.0,2087.0,2010.0,1947.0,2072.3333333333335,2015.8333333333333,56.447615833915265,72.3530695041126,2166.0
2018-11-01,64991,2166,1998.1666666666667,2018,11,4,305,44,1,0,2174.0,2120.0,2087.0,2010.0,2127.0,2053.0,43.92038251199482,87.97726979169339,2214.0
2018-12-01,68625,2214,2027.0,2018,12,4,335,48,1,0,2166.0,2174.0,2120.0,2087.0,2153.3333333333335,2084.0,29.14332399252482,89.85989094140112,2189.0
2019-01-01,67852,2189,2052.25,2019,1,1,1,1,1,0,2214.0,2166.0,2174.0,2120.0,2184.6666666666665,2128.5,25.71640202931336,72.97054200155465,2081.0
2019-02-01,58268,2081,2069.5,2019,2,1,32,5,1,0,2189.0,2214.0,2166.0,2174.0,2189.6666666666665,2158.3333333333335,24.006943440039873,46.69332571864434,2181.0
2019-03-01,67625,2181,2091.6666666666665,2019,3,1,60,9,1,0,2081.0,2189.0,2214.0,2166.0,2161.3333333333335,2157.3333333333335,70.68474611493829,48.55375028427166,2204.0
2019-04-01,66129,2204,2112.75,2019,4,2,91,14,1,0,2181.0,2081.0,2189.0,2214.0,2150.3333333333335,2167.5,60.17751518078232,45.460972272937305,2190.0
2019-05-01,67895,2190,2130.25,2019,5,2,121,18,1,0,2204.0,2181.0,2081.0,2189.0,2155.3333333333335,2172.5,65.39367961304278,47.90302704423585,2222.0
2019-06-01,66667,2222,2153.1666666666665,2019,6,2,152,22,1,0,2190.0,2204.0,2181.0,2081.0,2191.6666666666665,2176.5,11.590225767140032,48.252461077138896,2253.0
2019-07-01,69853,2253,2173.4166666666665,2019,7,3,182,27,1,0,2222.0,2190.0,2204.0,2181.0,2205.3333333333335,2177.8333333333335,16.0416125540195,49.58796897098608,2264.0
2019-08-01,70185,2264,2188.1666666666665,2019,8,3,213,31,1,0,2253.0,2222.0,2190.0,2204.0,2221.6666666666665,2188.5,31.501322723550505,58.54485459885314,2286.0
2019-09-01,68581,2286,2202.0,2019,9,3,244,35,1,0,2264.0,2253.0,2222.0,2190.0,2246.3333333333335,2219.0,21.779194965224978,33.76388603228295,2346.0
2019-10-01,72737,2346,2216.333333333333,2019,10,4,274,40,1,0,2286.0,2264.0,2253.0,2222.0,2267.6666666666665,2236.5,16.80277754816984,37.16853508010601,2312.0
2019-11-01,69356,2312,2228.5,2019,11,4,305,44,1,0,2346.0,2286.0,2264.0,2253.0,2298.6666666666665,2260.1666666666665,42.44211744639147,53.81604469549808,2306.0
2019-12-01,71492,2306,2236.1666666666665,2019,12,4,335,48,1,0,2312.0,2346.0,2286.0,2264.0,2314.6666666666665,2280.5,30.088757590390653,44.1893652364602,2186.0
2020-01-01,67772,2186,2235.9166666666665,2020,1,1,1,1,1,0,2306.0,2312.0,2346.0,2286.0,2321.3333333333335,2294.5,21.571586249817056,34.10425193434589,2219.0
2020-02-01,64337,2219,2247.4166666666665,2020,2,1,32,5,1,0,2186.0,2306.0,2312.0,2346.0,2268.0,2283.3333333333335,71.0774225756672,54.98605883919994,2177.0
2020-03-01,67473,2177,2247.083333333333,2020,3,1,61,9,1,0,2219.0,2186.0,2306.0,2312.0,2237.0,2275.8333333333335,61.991934959315195,60.90128624805824,1859.0
2020-04-01,55761,1859,2218.333333333333,2020,4,2,92,14,1,0,2177.0,2219.0,2186.0,2306.0,2194.0,2257.6666666666665,22.1133443874952,72.42835540496455,1315.0
2020-05-01,40761,1315,2145.4166666666665,2020,5,2,122,18,1,0,1859.0,2177.0,2219.0,2186.0,2085.0,2176.5,196.84511677966503,166.03222578764914,1549.0
2020-06-01,46476,1549,2089.333333333333,2020,6,2,153,23,1,0,1315.0,1859.0,2177.0,2219.0,1783.6666666666667,2010.3333333333333,435.9097765975585,373.09176708507925,1724.0
2020-07-01,53458,1724,2045.25,2020,7,3,183,27,1,0,1549.0,1315.0,1859.0,2177.0,1574.3333333333333,1884.1666666666667,272.88336947006013,381.0220028642264,1818.0
2020-08-01,56354,1818,2008.0833333333333,2020,8,3,214,31,1,0,1724.0,1549.0,1315.0,1859.0,1529.3333333333333,1807.1666666666667,205.20802453445467,353.51515761939584,1850.0
2020-09-01,55493,1850,1971.75,2020,9,3,245,36,1,0,1818.0,1724.0,1549.0,1315.0,1697.0,1740.3333333333333,136.5173981586231,292.77135561162066,1830.0
2020-10-01,56740,1830,1928.75,2020,10,4,275,40,1,0,1850.0,1818.0,1724.0,1549.0,1797.3333333333333,1685.8333333333333,65.49300217071566,215.4543261730101,1862.0
2020-11-01,55861,1862,1891.25,2020,11,4,306,44,1,0,1830.0,1850.0,1818.0,1724.0,1832.6666666666667,1681.0,16.165807537310624,211.07344693257636,1812.0
2020-12-01,56181,1812,1850.0833333333333,2020,12,4,336,49,1,0,1862.0,1830.0,1850.0,1818.0,1847.3333333333333,1772.1666666666667,16.165807537310624,119.74709460636677,1754.0
2021-01-01,54368,1754,1814.0833333333333,2021,1,1,1,53,1,0,1812.0,1862.0,1830.0,1850.0,1834.6666666666667,1816.0,25.324559884297496,48.891717089908724,1550.0
2021-02-01,43391,1550,1758.3333333333333,2021,2,1,32,5,1,0,1754.0,1812.0,1862.0,1830.0,1809.3333333333333,1821.0,54.049360156558436,37.89986807364498,1708.0
2021-03-01,52937,1708,1719.25,2021,3,1,60,9,1,0,1550.0,1754.0,1812.0,1862.0,1705.3333333333333,1776.3333333333333,137.61298388354695,117.16939304556534,1708.0
2021-04-01,51254,1708,1706.6666666666667,2021,4,2,91,13,1,0,1708.0,1550.0,1754.0,1812.0,1670.6666666666667,1752.6666666666667,107.00155762106151,113.60046948259539,1719.0
2021-05-01,53299,1719,1740.3333333333333,2021,5,2,121,17,1,0,1708.0,1708.0,1550.0,1754.0,1655.3333333333333,1732.3333333333333,91.22134253196099,107.75837167787017,1715.0
2021-06-01,51456,1715,1754.1666666666667,2021,6,2,152,22,1,0,1719.0,1708.0,1708.0,1550.0,1711.6666666666667,1708.5,6.350852961087999,87.19575677749039,1644.0
2021-07-01,50978,1644,1747.5,2021,7,3,182,26,1,0,1715.0,1719.0,1708.0,1708.0,1714.0,1692.3333333333333,5.567764362832416,71.8015784413259,1672.0
2021-08-01,51818,1672,1735.3333333333333,2021,8,3,213,30,1,0,1644.0,1715.0,1719.0,1708.0,1692.6666666666667,1674.0,42.193996413392306,66.77424653262023,1702.0
2021-09-01,51060,1702,1723.0,2021,9,3,244,35,1,0,1672.0,1644.0,1715.0,1719.0,1677.0,1694.3333333333333,35.763109484495764,29.80380288932751,1693.0
2021-10-01,52498,1693,1711.5833333333333,2021,10,4,274,39,1,0,1702.0,1672.0,1644.0,1715.0,1672.6666666666667,1693.3333333333333,29.005746557076627,29.350752403743975,1730.0
2021-11-01,51887,1730,1700.5833333333333,2021,11,4,305,44,1,0,1693.0,1702.0,1672.0,1644.0,1689.0,1690.8333333333333,15.39480431834155,28.477476479945917,1732.0
2021-12-01,53707,1732,1693.9166666666667,2021,12,4,335,48,1,0,1730.0,1693.0,1702.0,1672.0,1708.3333333333333,1692.6666666666667,19.295940851209153,30.904152903224528,1648.0
2022-01-01,51077,1648,1685.0833333333333,2022,1,1,1,52,1,0,1732.0,1730.0,1693.0,1702.0,1718.3333333333333,1695.5,21.96208854670619,33.98676212879398,1623.0
2022-02-01,45452,1623,1691.1666666666667,2022,2,1,32,5,1,0,1648.0,1732.0,1730.0,1693.0,1703.3333333333333,1696.1666666666667,47.93050524805014,32.79278375902074,1736.0
2022-03-01,53801,1736,1693.5,2022,3,1,60,9,1,0,1623.0,1648.0,1732.0,1730.0,1667.6666666666667,1688.0,57.099328659217726,44.14974518611854,1522.0
2022-04-01,45661,1522,1678.0,2022,4,2,91,13,1,0,1736.0,1623.0,1648.0,1732.0,1669.0,1693.6666666666667,59.35486500700707,48.29354684288458,1664.0
2022-05-01,51596,1664,1673.4166666666667,2022,5,2,121,17,1,0,1522.0,1736.0,1623.0,1648.0,1627.0,1665.1666666666667,107.05606008068872,85.15495679445658,1706.0
2022-06-01,51186,1706,1672.6666666666667,2022,6,2,152,22,1,0,1664.0,1522.0,1736.0,1623.0,1640.6666666666667,1654.1666666666667,108.89138319138648,79.1565958506663,1664.0
2022-07-01,51585,1664,1674.3333333333333,2022,7,3,182,26,1,0,1706.0,1664.0,1522.0,1736.0,1630.6666666666667,1649.8333333333333,96.42268059607846,74.62550949015828,1674.0
2022-08-01,51897,1674,1674.5,2022,8,3,213,31,1,0,1664.0,1706.0,1664.0,1522.0,1678.0,1652.5,24.248711305964846,74.83247957938482,1704.0
2022-09-01,51112,1704,1674.6666666666667,2022,9,3,244,35,1,0,1674.0,1664.0,1706.0,1664.0,1681.3333333333333,1661.0,21.93931022920639,73.69938941401807,1723.0
2022-10-01,53421,1723,1677.1666666666667,2022,10,4,274,39,1,0,1704.0,1674.0,1664.0,1706.0,1680.6666666666667,1655.6666666666667,20.816659994661908,68.13418133848623,1717.0
2022-11-01,51522,1717,1676.0833333333333,2022,11,4,305,44,1,0,1723.0,1704.0,1674.0,1664.0,1700.3333333333333,1689.1666666666667,24.704925284917536,25.079207855629026,1559.0
2022-12-01,48316,1559,1661.6666666666667,2022,12,4,335,48,1,0,1717.0,1723.0,1704.0,1674.0,1714.6666666666667,1698.0,9.712534856223638,23.740261161141614,1680.0
2023-01-01,52077,1680,1664.3333333333333,2023,1,1,1,52,1,0,1559.0,1717.0,1723.0,1704.0,1666.3333333333333,1673.5,93.0017920974287,60.784043958913486,1765.0
2023-02-01,49423,1765,1676.1666666666667,2023,2,1,32,5,1,0,1680.0,1559.0,1717.0,1723.0,1652.0,1676.1666666666667,82.63776376451638,60.63469853694172,1761.0
2023-03-01,54587,1761,1678.25,2023,3,1,60,9,1,0,1765.0,1680.0,1559.0,1717.0,1668.0,1691.3333333333333,103.52294431670698,70.55399823302619,1768.0
2023-04-01,53027,1768,1698.75,2023,4,2,91,13,1,0,1761.0,1765.0,1680.0,1559.0,1735.3333333333333,1700.8333333333333,47.96179034745627,76.21132899160007,1789.0
2023-05-01,55464,1789,1709.1666666666667,2023,5,2,121,18,1,0,1768.0,1761.0,1765.0,1680.0,1764.6666666666667,1708.3333333333333,3.5118845842869386,80.89911412781929,1811.0
2023-06-01,54327,1811,1717.9166666666667,2023,6,2,152,22,1,0,1789.0,1768.0,1761.0,1765.0,1772.6666666666667,1720.3333333333333,14.571661996263547,87.51152305077302,1810.0
2023-07-01,56101,1810,1730.0833333333333,2023,7,3,182,26,1,0,1811.0,1789.0,1768.0,1761.0,1789.3333333333333,1762.3333333333333,21.501937897160616,44.49569267542805,1846.0
2023-08-01,57215,1846,1744.4166666666667,2023,8,3,213,31,1,0,1810.0,1811.0,1789.0,1768.0,1803.3333333333333,1784.0,12.423096769056961,22.698017534568187,1913.0
2023-09-01,57399,1913,1761.8333333333333,2023,9,3,244,35,1,0,1846.0,1810.0,1811.0,1789.0,1822.3333333333333,1797.5,20.502032419576253,31.513489175266237,1883.0
2023-10-01,58385,1883,1775.1666666666667,2023,10,4,274,39,1,0,1913.0,1846.0,1810.0,1811.0,1856.3333333333333,1822.8333333333333,52.271725945613845,51.23052475493876,1912.0
2023-11-01,57364,1912,1791.4166666666667,2023,11,4,305,44,1,0,1883.0,1913.0,1846.0,1810.0,1880.6666666666667,1842.0,33.560889936552066,48.02499349296996,1903.0
2023-12-01,59003,1903,1820.0833333333333,2023,12,4,335,48,1,0,1912.0,1883.0,1913.0,1846.0,1902.6666666666667,1862.5,17.03917055884351,47.120059422711854,1669.0
2024-01-01,51752,1669,1819.1666666666667,2024,1,1,1,1,1,0,1903.0,1912.0,1883.0,1913.0,1899.3333333333333,1877.8333333333333,14.843629385475785,41.66253312829919,1871.0
2024-02-01,54258,1871,1828.0,2024,2,1,32,5,1,0,1669.0,1903.0,1912.0,1883.0,1828.0,1854.3333333333333,137.7715500384605,94.20757223634698,1838.0
2024-03-01,56981,1838,1834.4166666666667,2024,3,1,61,9,1,0,1871.0,1669.0,1903.0,1912.0,1814.3333333333333,1858.5,126.87526683058982,94.31807886084133,1871.0
2024-04-01,56131,1871,1843.0,2024,4,2,92,14,1,0,1838.0,1871.0,1669.0,1903.0,1792.6666666666667,1846.0,108.36204747665741,90.5450164282929,1815.0
2024-05-01,56275,1815,1845.1666666666667,2024,5,2,122,18,1,0,1871.0,1838.0,1871.0,1669.0,1860.0,1844.0,19.052558883258033,89.69280907631236,1795.0
2024-06-01,53835,1795,1843.8333333333333,2024,6,2,153,22,1,0,1815.0,1871.0,1838.0,1871.0,1841.3333333333333,1827.8333333333333,28.14841617806136,83.51387110334676,1780.0
2024-07-01,55185,1780,1841.3333333333333,2024,7,3,183,27,1,0,1795.0,1815.0,1871.0,1838.0,1827.0,1809.8333333333333,39.395431207184586,75.30847672517572,1794.0
2024-08-01,55616,1794,1837.0,2024,8,3,214,31,1,0,1780.0,1795.0,1815.0,1871.0,1796.6666666666667,1828.3333333333333,17.559422921421636,38.36491452703131,1824.0
2024-09-01,54731,1824,1829.5833333333333,2024,9,3,245,35,1,0,1794.0,1780.0,1795.0,1815.0,1789.6666666666667,1815.5,8.386497083606972,33.851144736916844,1823.0
2024-10-01,56501,1823,1824.5833333333333,2024,10,4,275,40,1,0,1824.0,1794.0,1780.0,1795.0,1799.3333333333333,1813.1666666666667,22.479620400116858,32.443283845294545,1865.0
2024-11-01,55961,1865,1820.6666666666667,2024,11,4,306,44,1,0,1823.0,1824.0,1794.0,1780.0,1813.6666666666667,1805.1666666666667,17.03917055884325,18.060084901968544,1837.0
2024-12-01,56933,1837,1815.1666666666667,2024,12,4,336,48,1,0,1865.0,1823.0,1824.0,1794.0,1837.3333333333333,1813.5,23.96525262402529,30.651264247983093,1804.0
2025-01-01,55912,1804,1826.4166666666667,2025,1,1,1,1,1,0,1837.0,1865.0,1823.0,1824.0,1841.6666666666667,1820.5,21.38535324312769,30.375977350526863,1753.0
2025-02-01,49095,1753,1816.5833333333333,2025,2,1,32,5,1,0,1804.0,1837.0,1865.0,1823.0,1835.3333333333333,1824.5,30.534133905079887,25.097808669279082,1825.0
2025-03-01,56570,1825,1815.5,2025,3,1,60,9,1,0,1753.0,1804.0,1837.0,1865.0,1798.0,1817.6666666666667,42.32020793899782,37.55351736743677,1820.0
2025-04-01,54598,1820,1811.25,2025,4,2,91,14,1,0,1825.0,1753.0,1804.0,1837.0,1794.0,1817.8333333333333,37.02701716314743,37.58944887420373,1778.0
2025-05-01,55105,1778,1808.1666666666667,2025,5,2,121,18,1,0,1820.0,1825.0,1753.0,1804.0,1799.3333333333333,1817.3333333333333,40.203648258999436,37.52687925562655,1804.0
